Date,Close,Price_Change,MACD,KD_diff,RSI,MA_5_to_10,MA_10_to_20,MA_5_to_20
2020/2/7,82.9,-0.9,-2.0336484,0.032910628,38.20224719,-2.78,-2.005,-4.785
2020/2/10,82,0.9,-2.134896922,0.004640862,29.16666667,-2.02,-2.365,-4.385
2020/2/11,82.9,2.6,-2.118098507,0.010388361,30.40935673,-0.94,-2.87,-3.81
2020/2/12,85.5,-0.8,-1.873392072,0.049600816,38.34196891,0.4,-3.3,-2.9
2020/2/13,84.7,0.2,-1.724138974,0.034581365,37,0.46,-2.92,-2.46
2020/2/14,84.9,-1,-1.571600062,0.025286752,37.31343284,0.69,-2.67,-1.98
2020/2/17,83.9,-0.5,-1.513951626,0.00111346,27.65957447,0.9,-2.34,-1.44
2020/2/18,83.4,0.4,-1.491418502,0.061751744,26.94300518,0.88,-1.94,-1.06
2020/2/19,83.8,-1,-1.424859292,0.072584491,53.33333333,0.38,-1.49,-1.11
2020/2/20,82.8,-1.1,-1.436246129,0.029368777,48.24561404,0.08,-1.21,-1.13
2020/2/21,81.7,-1,-1.51654925,-0.046960529,47.82608696,-0.44,-0.92,-1.36
2020/2/24,80.7,1.6,-1.641954269,-0.088086507,44,-0.95,-0.585,-1.535
2020/2/25,82.3,-1.2,-1.593859007,-0.022292321,50.35460993,-1.11,-0.145,-1.255
2020/2/26,81.1,-0.8,-1.633740394,-0.040811235,41.00719424,-1.21,-0.025,-1.235
2020/2/27,80.3,-1.1,-1.710186035,-0.062265181,40.71428571,-1.27,-0.325,-1.595
2020/3/2,79.2,1.8,-1.838339331,-0.065823085,40.14084507,-1.2,-0.695,-1.895
2020/3/3,81,0.7,-1.774204856,0.004621259,43.70860927,-0.85,-0.925,-1.775
2020/3/4,81.7,1,-1.647897733,0.042418494,35.60606061,-0.8,-1.07,-1.87
2020/3/5,82.7,-1.9,-1.45038762,0.091229304,42.53731343,-0.37,-1.205,-1.575
2020/3/6,80.8,-1.7,-1.430681547,0.024748612,36.42384106,-0.07,-1.265,-1.335
2020/3/9,79.1,0.3,-1.534550788,-0.063443329,34.81012658,0.17,-1.335,-1.165
2020/3/10,79.4,-0.8,-1.574510442,-0.058092021,37.17948718,-0.02,-1.335,-1.355
2020/3/11,78.6,-3.9,-1.651692387,-0.071397855,33.75,-0.27,-1.49,-1.76
2020/3/12,74.7,-0.1,-2.004450978,-0.072213678,28.57142857,-1.23,-1.59,-2.82
2020/3/13,74.6,-3.5,-2.265963253,0.025907704,30.16759777,-1.9,-1.655,-3.555
2020/3/16,71.1,-0.5,-2.724231124,-0.01990749,26.47058824,-2.69,-1.775,-4.465
2020/3/17,70.6,-0.6,-3.092113574,-0.035508503,19.68911917,-3.41,-2.15,-5.56
2020/3/18,70,-3.7,-3.392966052,-0.041480536,20.32085561,-3.96,-2.65,-6.61
2020/3/19,66.3,4.5,-3.885167097,-0.026048339,17.59259259,-4,-3.415,-7.415
2020/3/20,70.8,-3.3,-3.86754493,0.047170957,33.2,-3.76,-3.815,-7.575
2020/3/23,67.5,1.9,-4.072911665,0.007593656,24.52830189,-3.32,-4.265,-7.585
2020/3/24,69.4,2,-4.03582963,0.02233723,27.79783394,-2.56,-4.7,-7.26
2020/3/25,71.4,-0.4,-3.801240233,0.057825338,30.31358885,-1.56,-4.875,-6.435
2020/3/26,71,-0.9,-3.606034977,0.055192419,31.98529412,-0.25,-4.74,-4.99
2020/3/27,70.1,-0.1,-3.483796842,0.025111085,32.95454545,0.06,-4.68,-4.62
2020/3/30,70,-0.1,-3.356302043,0.009576869,32.0610687,0.67,-4.33,-3.66
2020/3/31,69.9,0.1,-3.226141706,0.017629371,32.94117647,0.84,-3.845,-3.005
2020/4/1,70,0.2,-3.07942188,0.041843501,39.17050691,0.56,-3.26,-2.7
2020/4/6,70.2,1,-2.913422905,0.052658714,39.90825688,0.01,-2.245,-2.235
2020/4/7,71.2,3.8,-2.670393249,0.105045857,50.25906736,0.19,-1.725,-1.535
2020/4/8,75,-1,-2.146419663,0.140406706,59.73451327,0.44,-0.77,-0.33
2020/4/9,74,-0.1,-1.791210504,0.075389115,58.69565217,0.8,-0.04,0.76
2020/4/10,73.9,-0.8,-1.500477283,0.03067629,69.58762887,1.33,0.445,1.775
2020/4/13,73.1,1.3,-1.319413052,-0.010642898,57.32484076,1.7,0.735,2.435
2020/4/14,74.4,-0.3,-1.058813862,0.005991888,75.18248175,1.91,1.175,3.085
2020/4/15,74.1,-0.1,-0.866506077,-0.002216952,69.4214876,1.32,1.435,2.755
2020/4/16,74,1.8,-0.713940079,-0.007338113,62.74509804,0.91,1.675,2.585
2020/4/17,75.8,0.4,-0.442682501,0.038723372,70.68965517,0.71,1.965,2.675
2020/4/20,76.2,-2.7,-0.193205111,0.050733338,77.47747748,0.73,2.07,2.8
2020/4/21,73.5,0.4,-0.210928465,-0.053428499,62.77372263,0.32,2.165,2.485
2020/4/22,73.9,0.1,-0.190501709,-0.052222944,64.28571429,0.39,1.735,2.125
2020/4/23,74,-0.2,-0.164349673,-0.035393597,64.28571429,0.39,1.505,1.895
2020/4/24,73.8,1.1,-0.157941671,-0.052749739,62.85714286,0,1.375,1.375
2020/4/27,74.9,0.3,-0.063371963,-0.004942453,63.12056738,-0.44,1.36,0.92
2020/4/28,75.2,0.4,0.035374924,0.004609897,50.94339623,-0.18,1.185,1.005
2020/4/29,75.6,1.4,0.144246417,0.030235754,58,0.01,1.055,1.065
2020/4/30,77,-2.5,0.339581674,0.09005889,63.71681416,0.31,1,1.31
2020/5/4,74.5,-0.4,0.289322041,-0.056388938,55.38461538,0.58,0.645,1.225
2020/5/5,74.1,0.2,0.214738887,-0.101125882,48.76033058,0.63,0.24,0.87
2020/5/6,74.3,0.9,0.16981204,-0.075917537,50.83333333,0.37,0.165,0.535
2020/5/7,75.2,1,0.204472636,-0.000636066,54.6875,0.16,0.285,0.445
2020/5/8,76.2,2.7,0.309070281,0.073898874,51.66666667,-0.22,0.395,0.175
2020/5/11,78.9,-1.6,0.60288245,0.107308305,59.44055944,0.15,0.655,0.805
2020/5/12,77.3,1.5,0.698571386,0.029132094,64.39393939,0.55,0.685,1.235
2020/5/13,78.8,-0.6,0.885238542,0.055343397,67.13286713,1.09,0.825,1.915
2020/5/14,78.2,-1.1,0.973536302,0.020462971,64.18918919,1.43,0.88,2.31
2020/5/15,77.1,-2.1,0.943871741,-0.046974937,60.50955414,1.6,0.735,2.335
2020/5/18,75,-0.2,0.742352534,-0.151147283,50.2994012,0.77,0.825,1.595
2020/5/19,74.8,-0.3,0.560052842,-0.148837511,48.79518072,0.2,0.965,1.165
2020/5/20,74.5,0.2,0.386911456,-0.125201634,46.66666667,-0.68,0.935,0.255
2020/5/21,74.7,-1.1,0.262804541,-0.078558294,42.48366013,-1.33,0.845,-0.485
2020/5/22,73.6,0,0.074825567,-0.080607769,46.76258993,-1.77,0.605,-1.165
2020/5/25,73.6,1.2,-0.073304119,-0.027475373,48.14814815,-1.52,0.085,-1.435
2020/5/26,74.8,0.5,-0.092798271,0.038131115,51.72413793,-1.27,-0.16,-1.43
2020/5/27,75.3,0,-0.067127897,0.063939352,50.35460993,-0.76,-0.515,-1.275
2020/5/28,75.3,0.5,-0.046250791,0.054406573,46.5648855,-0.35,-0.79,-1.14
2020/5/29,75.8,0.4,0.010519031,0.063133135,35.77981651,0.22,-0.86,-0.64
2020/6/1,76.2,0.9,0.086785769,0.065404508,44.32989691,0.62,-0.825,-0.205
2020/6/2,77.1,1,0.217344771,0.08533551,40.65934066,0.85,-0.745,0.105
2020/6/3,78.1,0.3,0.396929804,0.119579621,49.47368421,1.05,-0.575,0.475
2020/6/4,78.4,0.1,0.557038536,0.106783995,57.47126437,1.3,-0.365,0.935
2020/6/5,78.5,1.2,0.68410904,0.08098745,76.11940299,1.35,0.01,1.36
2020/6/8,79.7,-0.2,0.871596084,0.059015951,81.81818182,1.44,0.58,2.02
2020/6/9,79.5,0.4,0.992600508,0.019214994,82.89473684,1.45,0.94,2.39
2020/6/10,79.9,-1.3,1.10800169,0.017618902,83.33333333,1.35,1.345,2.695
2020/6/11,78.6,-0.6,1.082085217,-0.032511231,81.25,1.06,1.655,2.715
2020/6/12,78,-1,1.001585585,-0.067542047,75.58139535,0.74,1.83,2.57
2020/6/15,77,1.4,0.847329912,-0.111093344,63.0952381,0.12,1.81,1.93
2020/6/16,78.4,-0.2,0.828499058,-0.035874499,66.66666667,-0.23,1.76,1.53
2020/6/17,78.2,0.3,0.78834954,-0.016434496,65.26315789,-0.58,1.585,1.005
2020/6/18,78.5,0.3,0.771840948,-0.022238599,64.51612903,-0.61,1.405,0.795
2020/6/19,78.8,0.1,0.774042581,-0.012011093,64.13043478,-0.48,1.175,0.695
2020/6/22,78.9,1.3,0.774923718,-0.004892192,60.71428571,-0.02,0.83,0.81
2020/6/23,80.2,3.3,0.870486731,0.062217371,62.06896552,0.27,0.63,0.9
2020/6/24,83.5,1.7,1.198685825,0.093928224,71.79487179,0.97,0.58,1.55
2020/6/29,85.2,1.1,1.577774165,0.062069533,75.18796992,1.65,0.745,2.395
2020/6/30,86.3,-0.4,1.944549654,0.052340805,75,2.32,1.05,3.37
2020/7/1,85.9,0.1,2.177840426,0.000738078,73.88059701,2.83,1.455,4.285
2020/7/2,86,-0.7,2.343776611,-0.010074396,73.28244275,3.23,1.77,5
2020/7/3,85.3,1.1,2.391233432,-0.026168006,76.8,2.88,2.12,5
2020/7/6,86.4,0.6,2.488913466,0.000321433,82.30769231,2.33,2.51,4.84
2020/7/7,87,0,2.584942969,0.020013806,89.68253968,1.65,2.905,4.555
2020/7/8,87,-0.8,2.63072172,0.019933448,88.39285714,1.06,3.35,4.41
2020/7/9,86.2,-1.4,2.572790864,-0.005272024,83.89830508,0.5,3.615,4.115
2020/7/10,84.8,1.9,2.386402975,-0.048586061,74.41860465,0.27,3.5,3.77
2020/7/13,86.7,-0.4,2.364744054,0.002479985,77.24137931,0.18,3.245,3.425
2020/7/14,86.3,0.3,2.288917332,-0.000593956,75,0.04,2.83,2.87
2020/7/15,86.6,1,2.227356028,6.39E-05,73.1884058,-0.11,2.42,2.31
2020/7/16,87.6,0.4,2.233513342,0.016352033,67.82608696,0.01,2.12,2.13
2020/7/17,88,-1.2,2.244793136,0.000575192,63.7254902,0.38,1.9,2.28
2020/7/20,86.8,-1.5,2.132322398,-0.078512817,52.42718447,0.36,1.525,1.885
2020/7/21,85.3,0.6,1.900246209,-0.172406614,47.36842105,0.33,1.03,1.36
2020/7/22,85.9,-5.9,1.744628155,-0.124159989,49.57983193,0.3,0.57,0.87
2020/7/24,80,-2,1.132168105,-0.153426757,34.50292398,-0.6,-0.04,-0.64
2020/7/27,78,0.4,0.479874127,-0.122386759,26.66666667,-1.92,-0.445,-2.365
2020/7/28,78.4,-0.4,-0.004742227,-0.059693787,25.84269663,-2.77,-0.935,-3.705
2020/7/29,78,0,-0.416282194,-0.037946655,25.27472527,-3.4,-1.35,-4.75
2020/7/30,78,0.4,-0.733969836,-0.023023208,26.43678161,-4.12,-1.815,-5.935
2020/7/31,78.4,-1.3,-0.942597249,-0.004686987,30.48780488,-3.52,-2.355,-5.875
2020/8/3,77.1,1,-1.19901363,-0.023267468,19.62025316,-2.61,-3.035,-5.645
2020/8/4,78.1,-0.2,-1.306473602,-0.000356591,25,-1.8,-3.49,-5.29
2020/8/5,77.9,1.1,-1.391731716,0.00111245,23.31288344,-1.08,-3.775,-4.855
2020/8/6,79,-0.7,-1.354919905,0.025114641,23.7804878,-0.19,-4.065,-4.255
2020/8/7,78.3,2.2,-1.366478516,0.011055117,20.95808383,-0.04,-3.84,-3.88
2020/8/10,80.5,-0.7,-1.184463428,0.071697965,32.20338983,0.39,-3.375,-2.985
2020/8/11,79.8,1.6,-1.084201311,0.050332438,33.72781065,0.59,-2.89,-2.3
2020/8/12,81.4,-1.9,-0.865657472,0.148529536,37.4301676,0.95,-2.305,-1.355
2020/8/13,79.5,0.9,-0.836135576,0.051124998,48.20143885,0.9,-1.8,-0.9
2020/8/14,80.4,-0.2,-0.731682403,0.054171185,59.375,1.12,-1.24,-0.12
2020/8/17,80.2,-0.4,-0.657462026,0.043106969,57.14285714,0.75,-0.54,0.21
2020/8/18,79.8,-0.5,-0.623728545,0.010333403,57.14285714,0.58,-0.02,0.56
2020/8/19,79.3,-2.2,-0.630077203,-0.024481801,54.96183206,0.02,0.42,0.44
2020/8/20,77.1,1.1,-0.80336943,-0.076864233,45.63758389,-0.27,0.67,0.4
2020/8/21,78.2,-0.6,-0.842235199,-0.029699007,53.7414966,-0.7,0.75,0.05
2020/8/24,77.6,0.7,-0.910950714,-0.032871008,48.25174825,-0.93,0.48,-0.45
2020/8/25,78.3,-0.1,-0.898565995,0.000673147,51.35135135,-1.08,0.335,-0.745
2020/8/26,78.2,-0.7,-0.886600007,0.005159555,47.10144928,-0.98,0.005,-0.975
2020/8/27,77.5,0,-0.922961698,-0.021128134,47.10144928,-0.7,-0.17,-0.87
2020/8/28,77.5,-0.6,-0.94093212,-0.022418023,37.06896552,-0.55,-0.415,-0.965
2020/8/31,76.9,0.1,-0.992151885,-0.039524049,37.39130435,-0.36,-0.735,-1.095
2020/9/1,77,0.8,-1.012997548,-0.0301882,28,-0.34,-0.96,-1.3
2020/9/2,77.8,-0.1,-0.953967825,0.031227591,40.4494382,-0.27,-1.105,-1.375
2020/9/3,77.7,-0.8,-0.904825247,0.03405766,33.33333333,-0.29,-0.98,-1.27
2020/9/4,76.9,0.4,-0.919829491,-0.011485087,31.03448276,-0.28,-1.04,-1.32
2020/9/7,77.3,0.2,-0.889193734,-0.001131577,35.63218391,-0.17,-0.91,-1.08
2020/9/8,77.5,0.4,-0.839103683,0.032016131,39.28571429,0.01,-0.875,-0.865
2020/9/9,77.9,0.6,-0.758388073,0.051144254,56.06060606,0.06,-0.73,-0.67
2020/9/10,78.5,0,-0.638643501,0.094864359,52.45901639,0.12,-0.58,-0.46
2020/9/11,78.5,0.9,-0.53754854,0.082078296,58.18181818,0.34,-0.385,-0.045
2020/9/14,79.4,-0.3,-0.380422305,0.119263207,59.64912281,0.51,-0.095,0.415
2020/9/15,79.1,-0.3,-0.276914032,0.074550085,57.62711864,0.62,0.15,0.77
2020/9/16,78.8,-0.7,-0.216593715,0.020540735,61.81818182,0.7,0.275,0.975
2020/9/17,78.1,-0.5,-0.222706359,-0.0545484,54.83870968,0.58,0.265,0.845
2020/9/18,77.6,-0.2,-0.264843543,-0.100006164,55.73770492,0.33,0.365,0.695
2020/9/21,77.4,-0.6,-0.310793262,-0.11417774,53.22580645,-0.08,0.385,0.305
2020/9/22,76.8,-0.1,-0.391115199,-0.133141717,41.66666667,-0.47,0.39,-0.08
2020/9/23,76.7,-1.7,-0.457565546,-0.112930615,41.66666667,-0.77,0.345,-0.425
2020/9/24,75,-0.7,-0.640025897,-0.096311852,36.23188406,-1.04,0.12,-0.92
2020/9/25,74.3,2.6,-0.831525877,-0.058819939,29.16666667,-1.28,-0.14,-1.42
2020/9/28,76.9,0.1,-0.764677988,0.085628394,46.875,-1.13,-0.39,-1.52
2020/9/29,77,0.4,-0.695612799,0.104963009,45.16129032,-0.88,-0.6,-1.48
2020/9/30,77.4,0.3,-0.601665852,0.102074429,43.95604396,-0.6,-0.72,-1.32
2020/10/5,77.7,0.1,-0.49727248,0.089722565,45.74468085,-0.02,-0.76,-0.78
2020/10/6,77.8,-0.4,-0.40183867,0.072065593,40.69767442,0.66,-0.785,-0.125
2020/10/7,77.4,0.6,-0.354398064,0.030767028,40.22988506,0.76,-0.79,-0.03
2020/10/8,78,0.7,-0.265327527,0.052090252,45.55555556,0.84,-0.695,0.145
2020/10/12,78.7,0.2,-0.136678786,0.094079346,53.33333333,0.9,-0.535,0.365
2020/10/13,78.9,-0.9,-0.018373604,0.076375932,57.47126437,0.75,-0.165,0.585
2020/10/14,78,0.1,0.002730155,0.007856095,53.19148936,0.42,0.23,0.65
2020/10/15,78.1,0.5,0.027210534,-0.006237888,57.30337079,0.44,0.415,0.855
2020/10/16,78.6,2.7,0.085966266,-0.014236394,60.21505376,0.4,0.6,1
2020/10/19,81.3,0.1,0.346404903,0.036600804,80.58252427,0.53,0.865,1.395
2020/10/20,81.4,-1,0.554481841,0.026083326,86.59793814,0.66,1.07,1.73
2020/10/21,80.4,0.4,0.631414123,-0.042233542,71.60493827,0.88,1.19,2.07
2020/10/22,80.8,-0.1,0.716401931,-0.029978863,72.61904762,1.08,1.36,2.44
2020/10/23,80.7,-0.5,0.766846489,-0.024522518,70.37037037,1.23,1.435,2.665
2020/10/26,80.2,-0.2,0.757743547,-0.042538007,65.06024096,0.86,1.41,2.27
2020/10/27,80,-1.7,0.726021942,-0.046611459,63.0952381,0.47,1.27,1.74
2020/10/28,78.3,-0.3,0.557282543,-0.139491696,54.63917526,0.02,1.1,1.12
2020/10/29,78,-0.5,0.394796888,-0.114590968,50,-0.53,1.035,0.505
2020/10/30,77.5,0.8,0.223108163,-0.103756506,43.47826087,-1.06,0.9,-0.16
2020/11/2,78.3,0,0.149869324,-0.036647225,46.93877551,-1.14,0.555,-0.585
2020/11/3,78.3,0.5,0.090780556,-0.010708099,51.68539326,-1.17,0.215,-0.955
2020/11/4,78.8,0.2,0.08333744,0.022492169,53.76344086,-0.91,0.005,-0.905
2020/11/5,79,0.7,0.092510641,0.034784578,52.22222222,-0.53,-0.255,-0.785
2020/11/6,79.7,1.5,0.154483825,0.062815382,38.57142857,0.01,-0.44,-0.43
2020/11/9,81.2,-0.4,0.320935934,0.148738714,48.80952381,0.49,-0.465,0.025
2020/11/10,80.8,0.8,0.415780909,0.111758273,52.56410256,0.91,-0.48,0.43
2020/11/11,81.6,0.3,0.54916907,0.106705596,54.87804878,1.14,-0.33,0.81
2020/11/12,81.9,-0.5,0.671348751,0.079060376,57.14285714,1.33,-0.13,1.2
2020/11/13,81.4,1.2,0.719536835,0.028345516,57.14285714,1.28,0.12,1.4
2020/11/16,82.6,0.4,0.844817677,0.025131494,63.82978723,1.13,0.485,1.615
2020/11/17,83,0.2,0.965253463,0.018801735,79.01234568,1.1,0.875,1.975
2020/11/18,83.2,-0.3,1.064566361,0.016120815,82.5,0.98,1.175,2.155
2020/11/19,82.9,-0.4,1.106312178,-0.001476444,84.61538462,0.79,1.46,2.25
2020/11/20,82.5,0.4,1.094502636,-0.026339981,78.37837838,0.73,1.65,2.38
2020/11/23,82.9,-0.9,1.104686013,-0.007452352,79.48717949,0.62,1.685,2.305
2020/11/24,82,0,1.028280556,-0.04914778,69.51219512,0.3,1.705,2.005
2020/11/25,82,1,0.956700435,-0.061221974,68.75,0.02,1.56,1.58
2020/11/26,83,-0.4,0.969488653,0.00417276,69.87951807,-0.07,1.42,1.35
2020/11/27,82.6,-0.3,0.936550777,-0.012779811,59.72222222,-0.17,1.285,1.115
2020/11/30,82.3,0.6,0.876140182,-0.040973539,60.56338028,-0.26,1.055,0.795
2020/12/1,82.9,-0.2,0.866688687,0.005811158,59.42028986,-0.07,0.815,0.745
2020/12/2,82.7,-0.7,0.83345246,-0.005868535,55.88235294,0.12,0.57,0.69
2020/12/3,82,0.9,0.742074192,-0.12153185,54.28571429,0.01,0.33,0.34
2020/12/4,82.9,5,0.733819717,-0.001643664,52.23880597,0.03,0.21,0.24
2020/12/7,87.9,-0.3,1.117850317,0.086953015,71.68141593,0.65,0.375,1.025
2020/12/8,87.6,1.4,1.382058333,0.030915298,69.29824561,1.03,0.595,1.625
2020/12/9,89,-1.3,1.684989875,0.051859971,74.4,1.59,0.925,2.515
2020/12/10,87.7,-0.1,1.799423535,0.004497,69.40298507,2.26,1.105,3.365
2020/12/11,87.6,0.1,1.860596076,-0.011516773,67.9389313,2.7,1.295,3.995
2020/12/14,87.7,-0.6,1.895297116,-0.009592243,73.17073171,2.12,1.58,3.7
2020/12/15,87.1,1.1,1.853022464,-0.029070773,69.76744186,1.6,1.795,3.395
2020/12/16,88.2,-0.4,1.886533521,0.008583698,70,0.89,2.095,2.985
2020/12/17,87.8,-0.1,1.859380833,0.003030878,70,0.33,2.43,2.76
2020/12/18,87.7,0.3,1.808940626,-0.002320174,71.09375,-0.13,2.65,2.52
2020/12/21,88,-0.3,1.772738862,0.006537491,70.4,-0.08,2.405,2.325
2020/12/22,87.7,1.1,1.70024188,-0.019790635,69.84126984,0.03,2.13,2.16
2020/12/23,88.8,0.8,1.711815562,0.006172873,76.15384615,0.17,1.77,1.94
2020/12/24,89.6,2.2,1.765193056,0.034512594,75.96899225,0.34,1.63,1.97
2020/12/25,91.8,0,1.962395445,0.047749782,69.30693069,0.74,1.59,2.33
2020/12/28,91.8,-1.4,2.094535261,0.013079966,71.42857143,1.09,1.525,2.615
2020/12/29,90.4,1.2,2.062513347,-0.04746859,57.14285714,1.3,1.48,2.78
2020/12/30,91.6,0.4,2.109647023,-0.009071915,70.10309278,1.52,1.375,2.895
2020/12/31,92,7.9,2.154442387,0.012944805,72,1.58,1.295,2.875
2021/1/4,99.9,4.1,2.79518585,0.05182247,84.26966292,1.98,1.665,3.645
2021/1/5,104,1,3.592404394,0.036625966,89.6713615,2.82,2.46,5.28
2021/1/6,105,2,4.255838816,-0.007766365,89.62264151,4.01,3.32,7.33
2021/1/7,107,1,4.886668191,0.005701577,92.10526316,5.27,4.24,9.51
2021/1/8,108,-0.5,5.404991284,0.013674683,92.82700422,6.63,5.065,11.695
2021/1/11,107.5,-3.5,5.709603493,0.006114936,90.79497908,6.58,5.64,12.22
2021/1/12,104,2.5,5.603990796,-0.039434952,80.07380074,5.36,6.045,11.405
2021/1/13,106.5,9.5,5.656812862,-0.012690562,81.05263158,4.05,6.685,10.735
2021/1/14,116,-0.5,6.391567326,0.024459862,85.48387097,3.41,7.735,11.145
2021/1/15,115.5,-1.5,6.854505241,0.006649366,83.38028169,2.56,8.7,11.26
2021/1/18,114,1,7.019433747,-0.012441378,80,2.45,8.795,11.245
2021/1/19,115,-0.5,7.148429771,-0.0054532,83.60655738,3.55,8.545,12.095
2021/1/20,114.5,2.5,7.128145404,-0.00806336,81.89415042,4.2,8.155,12.355
2021/1/21,117,4.5,7.230450867,0.014167267,82.89473684,3.4,7.745,11.145
2021/1/22,121.5,1.5,7.587180779,0.03563836,81.21387283,3.25,7.5,10.75
2021/1/25,123,-1,7.899864547,0.020732907,79.6875,3.5,7.49,10.99
2021/1/26,122,1,7.975045681,-0.010903956,76.5625,3.1,7.78,10.88
2021/1/27,123,-4.5,8.022836647,-0.004723546,75.80645161,3.15,7.8,10.95
2021/1/28,118.5,-7,7.609877014,-0.053133921,65.2173913,3.2,6.705,9.905
2021/1/29,111.5,1.5,6.641206339,-0.131498489,54.87804878,1.6,5.33,6.93
2021/2/1,113,3.5,5.92625118,-0.114805918,61.53846154,-0.3,4.575,4.275
2021/2/2,116.5,0,5.577767779,-0.056931296,62.5,-1.55,4.1,2.55
2021/2/3,116.5,-2.5,5.241175169,-0.028229816,50.81967213,-3.05,3.725,0.675
2021/2/4,114,-0.5,4.718304318,-0.050761698,47.69230769,-3.65,3.075,-0.575
2021/2/5,113.5,0.5,4.214991779,-0.051057185,49.20634921,-2.45,2,-0.45
2021/2/17,114,-1,3.812510539,-0.03101382,48.38709677,-1.35,0.775,-0.575
2021/2/18,113,-3,3.373956741,-0.032955406,47.61904762,-1.15,-0.575,-1.725
2021/2/19,110,1,2.752594571,-0.069319598,39.0625,-1.15,-2.05,-3.2
2021/2/22,111,0.5,2.314175839,-0.046374864,31.57894737,-1,-2.55,-3.55
2021/2/23,111.5,-1,1.984199045,-0.021692023,29.09090909,-1.4,-2.35,-3.75
2021/2/24,110.5,6,1.623286184,-0.023690108,29.09090909,-1.85,-2.425,-4.275
2021/2/25,116.5,-4.5,1.800653187,0.107315649,40,-1.15,-2.5,-3.65
2021/2/26,112,0,1.560121316,0.03310997,40,-0.3,-2.825,-3.125
2021/3/2,112,3.5,1.35389126,0.01818582,50.98039216,0.1,-2.775,-2.675
2021/3/3,115.5,-1,1.456088324,0.089670232,54.54545455,0.7,-2.275,-1.575
2021/3/4,114.5,0.5,1.439791569,0.060123777,46,1.45,-1.8,-0.35
2021/3/5,115,-1.5,1.450501616,0.090831219,47.05882353,0.95,-1.25,-0.3
2021/3/8,113.5,1.5,1.322704625,0.028925275,48.97959184,0.9,-0.425,0.475
2021/3/9,115,0.5,1.327163341,0.05309247,52.94117647,1.1,0.15,1.25
2021/3/10,115.5,1.5,1.355418308,0.048618504,52.94117647,0.7,0.35,1.05
2021/3/11,117,3,1.481767147,0.053147244,57.69230769,0.55,0.8,1.35
2021/3/12,120,1,1.803188407,0.067308408,69.23076923,1.2,0.975,2.175
2021/3/15,121,2,2.114237105,0.035503078,69.23076923,1.8,1.65,3.45
2021/3/16,123,3,2.493386516,0.02757911,70.90909091,2.3,2.3,4.6
2021/3/17,126,3.5,3.001342477,-0.002931275,76.27118644,3.35,2.725,6.075
2021/3/18,129.5,-6,3.644312617,-0.004217078,74.07407407,4.35,3.45,7.8
2021/3/19,123.5,6.5,3.627901045,-0.080407336,70.1754386,4.2,3.775,7.975
2021/3/22,130,0.5,4.092217892,0.003980267,75.71428571,4.35,4.425,8.775
2021/3/23,130.5,-2.5,4.449249976,-0.001131575,73.4375,4.3,5,9.3
2021/3/24,128,-1.5,4.478842064,-0.029904419,70.14925373,3.45,5.425,8.875
2021/3/25,126.5,0,4.331327695,-0.046288192,66.66666667,1.9,5.575,7.475
2021/3/26,126.5,2,4.166393898,-0.038812087,69.6969697,1.85,5.725,7.575
2021/3/29,128.5,1,4.14923615,-0.015274227,70.14925373,0.8,5.65,6.45
2021/3/30,129.5,-5.5,4.168280807,0.003784304,70.58823529,-0.05,5.425,5.375
2021/3/31,124,-2.5,3.696953621,-0.079241336,59.21052632,-0.65,4.8,4.15
2021/4/1,121.5,1,3.086119459,-0.128900648,52,-0.85,3.65,2.8
2021/4/6,122.5,1,2.652148313,-0.120251028,52,-1.55,3.175,1.625
2021/4/7,123.5,-1,2.361690596,-0.070168723,50.68493151,-1.9,2.025,0.125
2021/4/8,122.5,-2.5,2.027438077,-0.057963109,44.92753623,-2.5,0.85,-1.65
2021/4/9,120,0.5,1.543024415,-0.076135214,35.82089552,-2.5,-0.175,-2.675
2021/4/12,120.5,2,1.185799758,-0.037450888,44.64285714,-2.1,-0.95,-3.05
2021/4/13,122.5,-1,1.051953662,0.01384098,34.04255319,-1.7,-1.475,-3.175
2021/4/14,121.5,-0.5,0.855328331,0.014829012,31.25,-1.4,-2.2,-3.6
2021/4/15,121,2.5,0.651643775,0.008746389,34.09090909,-0.85,-2.95,-3.8
2021/4/16,123.5,-2,0.684065917,0.061857318,43.47826087,-0.1,-2.875,-2.975
2021/4/19,121.5,0.5,0.542128098,0.014216175,40,0.1,-2.475,-2.375
2021/4/20,122,-2,0.464631196,0.010115482,36.17021277,0.05,-2.45,-2.4
2021/4/21,120,-2.5,0.239075148,-0.028287046,30.6122449,0.1,-2.3,-2.2
2021/4/22,117.5,1.5,-0.139797256,-0.06414925,34.88372093,-0.1,-2.15,-2.25
2021/4/23,119,-1.5,-0.315383359,0.009589178,43.90243902,-0.9,-1.8,-2.7
2021/4/26,117.5,1,-0.569014826,-0.024373509,38.0952381,-1.4,-1.65,-3.05
2021/4/27,118.5,-1.5,-0.681472359,0.010133958,38.0952381,-1.7,-1.65,-3.35
2021/4/28,117,-1,-0.881472166,-0.037344093,37.20930233,-1.85,-1.525,-3.375
2021/4/29,116,-3.5,-1.107893984,-0.039877583,40,-1.65,-1.35,-3
2021/5/3,112.5,-4,-1.551866702,-0.020124893,32.60869565,-1.85,-1.875,-3.725
2021/5/4,108.5,1.5,-2.201111803,-0.005420649,22,-2.35,-2.525,-4.875
2021/5/5,110,2.5,-2.565037603,0.022337847,27.45098039,-2.85,-3.1,-5.95
2021/5/6,112.5,5,-2.621503257,0.061571797,34.54545455,-3,-3.3,-6.3
2021/5/7,117.5,-4.5,-2.23700765,0.13647976,40,-2.7,-3.05,-5.75
2021/5/10,113,-6,-2.269246047,0.059664397,36.92307692,-2,-3.3,-5.3
2021/5/11,107,-5,-2.747276175,-0.05365813,30.26315789,-1.25,-3.675,-4.925
2021/5/12,102,1,-3.489353612,-0.03027766,28.04878049,-1.2,-4.3,-5.5
2021/5/13,103,1.5,-3.951216521,-0.003076363,31.64556962,-1.7,-4.775,-6.475
2021/5/14,104.5,-6.3,-4.148388697,0.020118052,31.64556962,-3.15,-5.1,-8.25
2021/5/17,98.2,8.8,-4.758157339,-0.044737857,28.21670429,-4.68,-5.265,-9.945
2021/5/18,107,-2,-4.479677987,0.051842478,38.96353167,-4.53,-4.69,-9.22
2021/5/19,105,1,-4.369989857,0.04029967,38.59315589,-3.43,-4.34,-7.77
2021/5/20,106,3.5,-4.154479329,0.043843379,40.49429658,-2.18,-4.29,-6.47
2021/5/21,109.5,0,-3.659085276,0.075435128,47.14828897,-0.38,-4.69,-5.07
2021/5/24,109.5,2.5,-3.229257055,0.064474284,51.02880658,2.23,-4.565,-2.335
2021/5/25,112,-0.5,-2.656266203,0.075377406,52.01612903,2.73,-3.79,-1.06
2021/5/26,111.5,-2,-2.216956946,0.053306454,48.94957983,3.08,-2.49,0.59
2021/5/27,109.5,1.5,-2.007048475,0.018390674,41.03139013,3.13,-1.465,1.665
2021/5/28,111,2.5,-1.700059805,0.055799355,47.59615385,2.78,-0.565,2.215
2021/5/31,113.5,1,-1.240737515,0.087966392,58.53018373,2.05,0.915,2.965
2021/6/1,114.5,-2.5,-0.786958085,0.067033313,68.32844575,1.8,1.365,3.165
2021/6/2,112,-1,-0.621894907,0.004470608,62.64044944,1.2,1.965,3.165
2021/6/3,111,1,-0.565256863,-0.025874677,59.25925926,1,2.54,3.54
2021/6/4,112,-1.5,-0.434668574,-0.026195852,73.15436242,0.95,3.065,4.015
2021/6/7,110.5,0,-0.447060443,-0.068078008,57.77777778,0.25,3.29,3.54
2021/6/8,110.5,-1,-0.451674466,-0.066469756,63.41463415,-0.4,2.965,2.565
2021/6/9,109.5,1,-0.529914234,-0.12331389,58.53658537,-0.7,2.39,1.69
2021/6/10,110.5,3,-0.50540221,-0.075446451,52.77777778,-0.9,2.115,1.215
2021/6/11,113.5,-0.5,-0.241121823,0.049132021,59.52380952,-0.85,1.915,1.065
2021/6/15,113,-1.5,-0.071202753,0.052368634,52.63157895,-0.3,1.125,0.825
2021/6/16,111.5,1.5,-0.056921969,-0.006789371,50,0.2,0.6,0.8
2021/6/17,113,-1.5,0.074573483,0.008964624,58.97435897,0.8,0.3,1.1
2021/6/18,111.5,-3,0.057089025,-0.047030341,51.28205128,0.95,0.075,1.025
2021/6/21,108.5,0,-0.196576451,-0.145425343,37.5,0.3,-0.225,0.075
2021/6/22,108.5,3,-0.393077021,-0.133667758,34.21052632,-0.4,-0.375,-0.775
2021/6/23,111.5,1.5,-0.303234709,0.027688578,48.71794872,-0.5,-0.25,-0.75
2021/6/24,113,0,-0.109731648,0.123605517,55,-0.85,0.025,-0.825
2021/6/25,113,-1.5,0.043123818,0.102260296,52.63157895,-0.8,0.1,-0.7
2021/6/28,111.5,0,0.042732814,0.013666609,52.63157895,0,-0.125,-0.125
2021/6/29,111.5,0.5,0.041939489,-0.011898465,52.63157895,0.75,-0.175,0.575
2021/6/30,112,0,0.080726035,0.003915652,56.75675676,0.8,0,0.8
2021/7/1,112,-0.5,0.110194399,0.006890268,54.28571429,0.7,-0.1,0.6
2021/7/2,111.5,5.5,0.092140333,-0.013319414,43.33333333,0.4,-0.125,0.275
2021/7/5,117,-0.5,0.515691815,0.119573404,60,0.65,0.475,1.125
2021/7/6,116.5,-1.5,0.801771275,0.095125479,63.15789474,0.85,0.975,1.825
2021/7/7,115,0.5,0.89711249,0.023565462,55.26315789,1.1,1.1,2.2
2021/7/8,115.5,-1.5,1.001472559,0.013672981,61.11111111,1.55,1.05,2.6
2021/7/9,114,1,0.952165233,-0.033885051,66.66666667,1.95,0.975,2.925
2021/7/12,115,1.5,0.982455331,-0.009525519,68.57142857,1.2,1.25,2.45
2021/7/13,116.5,-0.5,1.114648937,0.02992865,65.625,0.7,1.575,2.275
2021/7/14,116,3.5,1.165630834,0.013079261,60,0.5,1.75,2.25
2021/7/15,119.5,0,1.471492653,0.049400517,67.56756757,0.55,2.175,2.725
2021/7/16,119.5,-3,1.694358834,0.045313708,73.52941176,0.85,2.575,3.425
2021/7/19,116.5,-2,1.610343918,-0.055271715,62.5,1.2,2.125,3.325
2021/7/20,114.5,-2,1.366624608,-0.125423672,55.81395349,1,1.625,2.625
2021/7/21,112.5,-2,1.000558202,-0.170429272,51.06382979,0.55,1.325,1.875
2021/7/23,110.5,-0.5,0.542807506,-0.155985119,48,-0.75,0.95,0.2
2021/7/26,110,1.5,0.13809904,-0.093269105,32.5,-2.25,0.7,-1.55
2021/7/27,111.5,-1,-0.060895901,-0.02166413,38.0952381,-2.9,0.35,-2.55
2021/7/28,110.5,0.5,-0.295881728,-0.020085984,39.02439024,-3.1,-0.2,-3.3
2021/7/29,111,-1,-0.436729521,-0.003800386,39.02439024,-2.9,-0.65,-3.55
2021/7/30,110,3,-0.621875462,-0.020518021,40,-2.05,-1.5,-3.55
2021/8/2,113,-1.5,-0.520529683,0.045649467,45.45454545,-0.8,-2.225,-3.025
2021/8/3,111.5,0.5,-0.554853877,0.018170277,38.63636364,-0.3,-2.45,-2.75
2021/8/4,112,0,-0.535536891,0.017627475,40.90909091,0.25,-2.475,-2.225
2021/8/5,112,0.5,-0.514299516,0.016543404,29.72972973,0.5,-2.375,-1.875
2021/8/6,112.5,-0.5,-0.451913544,0.027829176,31.57894737,0.8,-2.025,-1.225
2021/8/9,112,-3.5,-0.437771673,0.045121896,36.36363636,0.4,-1.725,-1.325
2021/8/10,108.5,0.5,-0.700905288,-0.078502064,33.33333333,0.1,-1.7,-1.6
2021/8/11,109,0,-0.859190539,0.017360319,39.39393939,-0.35,-1.475,-1.825
2021/8/12,109,0,-0.973411855,0.036985835,44.82758621,-0.75,-1.325,-2.075
2021/8/13,109,-1.5,-1.051808477,0.032645755,46.42857143,-1.35,-0.9,-2.25
2021/8/16,107.5,-1,-1.22090203,-0.030172132,35.71428571,-1.7,-0.85,-2.55
2021/8/17,106.5,0.5,-1.419241401,-0.074047857,35.71428571,-1.6,-0.85,-2.45
2021/8/18,107,-4,-1.518575763,-0.010832555,35.71428571,-1.5,-0.975,-2.475
2021/8/19,103,1.5,-1.898184443,-0.05394524,29.41176471,-1.8,-1.4,-3.2
2021/8/20,104.5,3,-2.0543088,-0.006323682,22.58064516,-1.9,-1.9,-3.8
2021/8/23,107.5,1.5,-1.913901287,0.075344446,38.23529412,-1.45,-2.225,-3.675
2021/8/24,109,-0.5,-1.66242644,0.111016276,41.66666667,-1,-2.05,-3.05
2021/8/25,108.5,-1,-1.486342997,0.080816528,40.54054054,-0.65,-2,-2.65
2021/8/26,107.5,0.5,-1.411219581,0.036287567,36.84210526,0.4,-1.975,-1.575
2021/8/27,108,1,-1.29639389,0.035131054,39.47368421,1.2,-1.975,-0.775
2021/8/30,109,2,-1.111884942,0.094809162,51.51515152,1.35,-1.625,-0.275
2021/8/31,111,0,-0.795111436,0.117276399,55.55555556,1.3,-1.15,0.15
2021/9/1,111,0.5,-0.537865967,0.068574108,55.55555556,1.4,-0.7,0.7
2021/9/2,111.5,1,-0.290304805,0.030164099,56.75675676,1.35,0.175,1.525
2021/9/3,112.5,-1.5,-0.013266233,0.035747845,63.88888889,1.45,0.975,2.425
2021/9/6,111,-2.5,0.084279842,-0.005884089,62.16216216,1.5,1.375,2.875
2021/9/7,108.5,-1,-0.039685824,-0.071639232,53.65853659,1.05,1.325,2.375
2021/9/8,107.5,-0.5,-0.216129741,-0.092895482,62.85714286,0.45,1.3,1.75
2021/9/9,107,1,-0.3917923,-0.149985674,57.57575758,-0.4,1.35,0.95
2021/9/10,108,-1.5,-0.445182712,-0.105333232,51.72413793,-1.3,1.4,0.1
2021/9/13,106.5,1,-0.601597619,-0.121408242,41.37931034,-1.95,1.2,-0.75
2021/9/14,107.5,1,-0.637517017,-0.059360649,46.66666667,-1.8,0.8,-1
2021/9/15,108.5,-1,-0.578621766,0.006705698,53.33333333,-1.35,0.475,-0.875
2021/9/16,107.5,1,-0.605656861,-0.014168426,48.38709677,-0.85,-0.15,-1
2021/9/17,108.5,-1.5,-0.540164052,0.019869435,48.38709677,-0.35,-0.75,-1.1
2021/9/22,107,-0.5,-0.602354426,-0.030159887,36.66666667,0.15,-1.125,-0.975
2021/9/23,106.5,1,-0.68410068,-0.052984388,35.48387097,0.15,-1.2,-1.05
2021/9/24,107.5,0,-0.660578791,-0.009730131,37.5,-0.05,-1.15,-1.2
2021/9/27,107.5,-1,-0.634621998,0.003515966,33.33333333,-0.1,-1.1,-1.2
2021/9/28,106.5,-1.5,-0.686825399,-0.019845152,34.48275862,-0.35,-1.175,-1.525
2021/9/29,105,0,-0.839556549,-0.027668588,37.03703704,-0.6,-1.125,-1.725
2021/9/30,105,-2,-0.949650111,-0.005079095,40,-0.65,-1.075,-1.725
2021/10/1,103,0,-1.184627686,-0.036623486,35.71428571,-1,-1.225,-2.225
2021/10/4,103,-1.5,-1.355226895,-0.019728713,30.76923077,-1.45,-1.25,-2.7
2021/10/5,101.5,1.5,-1.593101183,-0.013039946,30.76923077,-1.75,-1.4,-3.15
2021/10/6,103,4,-1.641656808,0.031365916,33.33333333,-1.75,-1.4,-3.15
2021/10/7,107,1,-1.341902306,0.158464912,45.45454545,-1.4,-1.275,-2.675
2021/10/8,108,-3,-1.011987499,0.180035198,51.51515152,-0.45,-1.25,-1.7
2021/10/12,105,0.5,-0.981290855,0.06786995,40.54054054,0.2,-1.4,-1.2
2021/10/13,105.5,1,-0.906171936,0.039527817,45.71428571,1.1,-1.375,-0.275
2021/10/14,106.5,3,-0.757219257,0.055893663,50,1.65,-1.225,0.425
2021/10/15,109.5,-2,-0.392572921,0.098789487,55,1.7,-0.875,0.825
2021/10/18,107.5,-0.5,-0.261951742,0.01120496,50,1.15,-0.375,0.775
2021/10/19,107,0.5,-0.196514045,-0.025992412,51.1627907,1.15,0.05,1.2
2021/10/20,107.5,0.5,-0.103119679,-0.016293652,56.09756098,0.95,0.7,1.65
2021/10/21,108,-0.5,0.011113738,0.002704451,57.14285714,0.75,1.15,1.9
2021/10/22,107.5,0.5,0.060600162,-0.005722136,61.53846154,0.3,1.15,1.45
2021/10/25,108,1,0.138567017,0.006101751,62.5,0.4,1.125,1.525
2021/10/26,109,-1,0.277845128,0.020032285,69.23076923,0.4,1.45,1.85
2021/10/27,108,0.5,0.304027749,-0.02613601,63.15789474,0.25,1.625,1.875
2021/10/28,108.5,-1.5,0.360962534,-0.02015507,54.83870968,0.15,1.65,1.8
2021/10/29,107,-0.5,0.281797907,-0.071313375,46.875,0.3,1.3,1.6
2021/11/1,106.5,1,0.176676927,-0.085505377,55.55555556,0.1,1.025,1.125
2021/11/2,107.5,0,0.172075852,-0.089044555,57.14285714,-0.25,0.85,0.6
2021/11/3,107.5,0.5,0.166510043,-0.06766821,53.84615385,-0.35,0.55,0.2
2021/11/4,108,1,0.200137856,-0.017629294,42.85714286,-0.45,0.3,-0.15
2021/11/5,109,-1.5,0.30397574,0.124287759,57.89473684,-0.2,0.35,0.15
2021/11/8,107.5,0.5,0.262207976,0.003695082,52.38095238,0.05,0.325,0.375
2021/11/9,108,1,0.26638186,0.014289809,52.38095238,0.25,0.075,0.325
2021/11/10,109,-1.5,0.346388386,0.096699372,54.54545455,0.45,0,0.45
2021/11/11,107.5,1.5,0.285465995,-0.03187308,50,0.45,-0.15,0.3
2021/11/12,109,-1,0.354139724,0.068952077,53.84615385,0.25,0.075,0.325
2021/11/15,108,0,0.324136067,-0.024270129,46.15384615,0.2,0.2,0.4
2021/11/16,108,-1,0.29693507,-0.041508149,50,0.15,0.2,0.35
2021/11/17,107,0,0.192467793,-0.106869188,44,-0.2,0.175,-0.025
2021/11/18,107,-0.5,0.108426846,-0.096492151,50,-0.2,0.125,-0.075
2021/11/19,106.5,0,0.001461125,-0.105489139,50,-0.45,-0.075,-0.525
2021/11/22,106.5,-0.5,-0.082360578,-0.081366102,45,-0.65,-0.1,-0.75
2021/11/23,106,-0.5,-0.18698031,-0.054993817,42.85714286,-0.85,-0.15,-1
2021/11/24,105.5,-0.5,-0.306702546,0.010802254,38.0952381,-0.8,-0.375,-1.175
2021/11/25,105,-1.5,-0.436892873,0.001823436,30,-0.95,-0.45,-1.4
2021/11/26,103.5,0,-0.653573126,-0.023604401,30,-1,-0.825,-1.825
2021/11/29,103.5,0,-0.815888729,0.009273074,26.31578947,-1.15,-1.125,-2.275
2021/11/30,103.5,2,-0.933761197,0.015174174,17.64705882,-1.2,-1.375,-2.575
2021/12/1,105.5,-0.5,-0.855926108,0.079522572,38.88888889,-1.05,-1.425,-2.475
2021/12/2,105,0,-0.825076096,0.059062362,25,-0.85,-1.475,-2.325
2021/12/3,105,1.5,-0.791503283,0.052002232,28.57142857,-0.4,-1.425,-1.825
2021/12/6,106.5,-0.5,-0.636521697,0.107749462,41.17647059,0.2,-1.375,-1.175
2021/12/7,106,-1,-0.547729609,0.087173146,43.75,0.7,-1.275,-0.575
2021/12/8,105,1,-0.551693304,0.014781235,38.88888889,0.65,-1.125,-0.475
2021/12/9,106,-1,-0.468739581,0.054351585,47.36842105,0.75,-0.95,-0.2
2021/12/10,105,-0.5,-0.478177666,0.000656276,42.85714286,0.6,-0.6,0
2021/12/13,104.5,0,-0.520008899,-0.03793162,42.85714286,0.1,-0.325,-0.225
2021/12/14,104.5,0.5,-0.546856629,-0.038095689,45,-0.3,-0.05,-0.35
2021/12/15,105,-1.5,-0.521773152,-0.003612784,50,-0.25,0,-0.25
2021/12/16,103.5,0,-0.615832841,-0.069088862,50,-0.6,0.025,-0.575
2021/12/17,103.5,-0.5,-0.682508292,-0.090407888,50,-0.75,0.025,-0.725
2021/12/20,103,1.5,-0.766855061,-0.10091345,47.61904762,-0.7,-0.15,-0.85
2021/12/21,104.5,-1,-0.704541503,0.005021855,45,-0.55,-0.225,-0.775
2021/12/22,103.5,0.5,-0.727463456,-0.025305338,42.85714286,-0.7,-0.275,-0.975
2021/12/23,104,0,-0.69724603,0.001216976,45.45454545,-0.4,-0.425,-0.825
2021/12/24,104,0.5,-0.665625584,0.007543311,36.84210526,-0.2,-0.55,-0.75
2021/12/27,104.5,1,-0.593380214,0.045433511,42.10526316,0.1,-0.6,-0.5
2021/12/28,105.5,-0.5,-0.450243469,0.158131017,52.63157895,0.2,-0.6,-0.4
2021/12/29,105,-1,-0.372854355,0.105105972,44.44444444,0.5,-0.575,-0.075
2021/12/30,104,-1,-0.387744886,-0.017760115,44.44444444,0.45,-0.475,-0.025
2022/1/3,103,0.5,-0.474764591,-0.127369942,42.10526316,0.3,-0.425,-0.125
2022/1/4,103.5,5.5,-0.49764596,-0.081263246,45,0.05,-0.225,-0.175
2022/1/5,109,-2,-0.071155341,0.096412573,63.33333333,0.3,0.075,0.375
2022/1/6,107,-0.5,0.104256459,0.054228384,61.29032258,0.35,0.325,0.675
2022/1/7,106.5,-2,0.200613208,0.014500241,59.375,0.6,0.55,1.15
2022/1/10,104.5,0,0.114276038,-0.061556855,54.28571429,0.85,0.625,1.475
2022/1/11,104.5,0,0.045330665,-0.065181915,50,1.05,0.625,1.675
2022/1/12,104.5,1,-0.009202954,-0.049792702,53.33333333,0.25,0.525,0.775
2022/1/13,105.5,-2,0.027948233,-0.002247223,54.83870968,-0.1,0.55,0.45
2022/1/14,103.5,0,-0.10280737,-0.052299047,48.57142857,-0.65,0.5,-0.15
2022/1/17,103.5,0,-0.204079624,-0.051737242,47.05882353,-0.9,0.55,-0.35
2022/1/18,103.5,0,-0.281098289,-0.03866248,43.75,-1.1,0.525,-0.575
2022/1/19,103.5,-0.5,-0.338237149,-0.025728169,45.16129032,-0.75,0.025,-0.725
2022/1/20,103,-1,-0.419035547,-0.031687549,46.66666667,-0.85,-0.35,-1.2
2022/1/21,102,1,-0.557335881,-0.025255507,46.66666667,-0.7,-0.7,-1.4
2022/1/24,103,0,-0.579567358,0.010444158,48.38709677,-0.65,-0.8,-1.45
2022/1/25,103,-1,-0.590380426,0.027441795,20,-0.6,-0.875,-1.475
2022/1/26,102,1,-0.6718963,-0.013630782,22.22222222,-0.65,-0.95,-1.6
2022/2/7,103,2.5,-0.648332996,0.035064324,31.57894737,-0.4,-1.1,-1.5
2022/2/8,105.5,1,-0.423053108,0.201666464,55,0.1,-0.975,-0.875
2022/2/9,106.5,0,-0.161958574,0.224150383,59.09090909,0.5,-0.85,-0.35
2022/2/10,106.5,-0.5,0.044448353,0.148733767,59.09090909,0.9,-0.7,0.2
2022/2/11,106,-2,0.165770608,0.067696171,52.38095238,1.45,-0.3,1.15
2022/2/14,104,0,0.099390373,-0.06948727,52.38095238,1.55,-0.05,1.5
2022/2/15,104,1.5,0.046250413,-0.086411313,52.38095238,1.05,0.275,1.325
2022/2/16,105.5,0.5,0.12374759,0.005960504,58.33333333,0.6,0.475,1.075
2022/2/17,106,-0.5,0.222940563,0.052563333,60,0.2,0.7,0.9
2022/2/18,105.5,0.5,0.258229182,0.026073207,60,-0.25,1,0.75
2022/2/21,106,-1.5,0.322820218,0.037932373,66.66666667,-0.15,1.275,1.125
2022/2/22,104.5,0.5,0.250088747,-0.043585928,56,0.05,1.125,1.175
2022/2/23,105,-2.5,0.230141427,-0.028069022,57.69230769,0.1,0.9,1
2022/2/24,102.5,0.5,0.012460291,-0.16717254,51.72413793,-0.2,0.55,0.35
2022/2/25,103,1.5,-0.118343565,-0.132377506,50,-0.4,0.275,-0.125
2022/3/1,104.5,0,-0.099818454,-0.007251038,46.15384615,-0.75,0.25,-0.5
2022/3/2,104.5,0,-0.084166947,0.025843338,41.66666667,-0.8,0.175,-0.625
2022/3/3,104.5,0.5,-0.070945202,0.027656098,41.66666667,-0.8,0,-0.8
2022/3/4,105,-2.5,-0.019891753,0.048973041,45.83333333,-0.2,-0.2,-0.4
2022/3/7,102.5,-1,-0.179096125,-0.096829872,44,0,-0.525,-0.525
2022/3/8,101.5,0,-0.381559993,-0.055501704,40.74074074,-0.15,-0.9,-1.05
2022/3/9,101.5,1.5,-0.535837269,-0.031294236,33.33333333,-0.45,-1,-1.45
2022/3/10,103,0.5,-0.530945251,0.036152619,38.46153846,-0.55,-1.025,-1.575
2022/3/11,103.5,-1,-0.481175775,0.06183332,42.30769231,-0.95,-0.775,-1.725
2022/3/14,102.5,-1.5,-0.516471192,0.041431529,37.03703704,-0.9,-0.65,-1.55
2022/3/15,101,0.5,-0.657896704,-0.042208619,37.03703704,-0.65,-0.85,-1.5
2022/3/16,101.5,2.5,-0.721316729,-0.029839228,37.03703704,-0.35,-1.025,-1.375
2022/3/17,104,2,-0.563354451,0.09434929,55.55555556,-0.1,-1,-1.1
2022/3/18,106,-1.5,-0.273630677,0.169990915,60,0.3,-0.9,-0.6
2022/3/21,104.5,-0.5,-0.163178938,0.069480516,50,0.5,-0.65,-0.15
2022/3/22,104,1.5,-0.114669126,0.007752018,48.38709677,0.85,-0.3,0.55
2022/3/23,105.5,1,0.044302027,0.048074197,52.94117647,1.25,0.05,1.3
2022/3/24,106.5,-0.5,0.248119289,0.037722731,54.28571429,1.4,0.325,1.725
2022/3/25,106,0,0.365091568,0.010079181,61.29032258,1.15,0.4,1.55
2022/3/28,106,-0.5,0.452575929,0.000648499,65.51724138,1.1,0.6,1.7
2022/3/29,105.5,0,0.476074206,-0.017496297,63.33333333,0.95,1,1.95
2022/3/30,105.5,0.5,0.48905919,-0.017658421,59.25925926,0.55,1.35,1.9
2022/3/31,106,-1.5,0.533545327,0.002340653,59.25925926,0.25,1.475,1.725
2022/4/1,104.5,0.5,0.442660729,-0.040119742,57.14285714,0.1,1.35,1.45
2022/4/6,105,-2,0.406296321,-0.025079905,65.38461538,-0.15,1.275,1.125
2022/4/7,103,0,0.213631371,-0.17129997,55.17241379,-0.55,1.1,0.55
2022/4/8,103,-1,0.060248502,-0.142302721,45.83333333,-0.8,0.775,-0.025
2022/4/11,102,0,-0.140381933,-0.102974232,31.81818182,-1.15,0.375,-0.775
2022/4/12,102,2,-0.295971227,-0.067398552,36.84210526,-1.25,0.05,-1.2
2022/4/13,104,0,-0.254954619,0.035268083,50,-1.25,-0.225,-1.475
2022/4/14,104,-1,-0.219913635,0.052117721,42.10526316,-0.9,-0.525,-1.425
2022/4/15,103,-0.5,-0.269725813,0.015328672,31.57894737,-0.65,-0.85,-1.5
2022/4/18,102.5,-0.5,-0.345564691,-0.015882576,31.57894737,-0.2,-1.125,-1.325
2022/4/19,102,1,-0.440930595,-0.044714744,30,0.05,-1.175,-1.125
2022/4/20,103,0,-0.430850542,0.0092559,38.0952381,0.05,-1.3,-1.25
2022/4/21,103,0.5,-0.418043087,0.020434586,38.0952381,-0.15,-1.25,-1.4
2022/4/22,103.5,-3,-0.363358692,0.068120611,38.0952381,-0.1,-1.1,-1.2
2022/4/25,100.5,0.5,-0.555690193,-0.061988036,33.33333333,-0.35,-0.95,-1.3
2022/4/26,101,-1,-0.660158574,-0.051240411,33.33333333,-0.45,-0.8,-1.25
2022/4/27,100,1.5,-0.814255926,-0.047896179,36.36363636,-0.65,-0.9,-1.55
2022/4/28,101.5,0.5,-0.806050081,0.043038923,44,-0.7,-0.95,-1.65
2022/4/29,102,0.5,-0.750549203,0.081054635,50,-0.9,-0.875,-1.775
2022/5/3,102.5,1.5,-0.658626303,0.096336571,52,-0.5,-0.7,-1.2
2022/5/4,104,0.5,-0.459443104,0.154197912,50,-0.1,-0.475,-0.575
2022/5/5,104.5,-0.5,-0.258266032,0.113051988,52,0.65,-0.3,0.35
2022/5/6,104,0,-0.137591506,0.052950786,54.16666667,1.05,-0.25,0.8
2022/5/9,104,0,-0.041477942,0.024687789,56.52173913,1.4,-0.25,1.15
2022/5/10,104,-1,0.03429739,0.011450092,59.09090909,1.35,0,1.35
2022/5/11,103,-1,0.013502595,-0.037825303,50,0.95,0.15,1.1
2022/5/12,102,2,-0.082715579,-0.083791275,45.83333333,0.25,0.45,0.7
2022/5/13,104,0.5,0.002386599,0.011871948,51.85185185,0,0.7,0.7
2022/5/16,104.5,0.5,0.108920937,0.054371491,68.18181818,-0.15,0.875,0.725
2022/5/17,105,2,0.231032787,0.072955228,68.18181818,-0.2,1,0.8
2022/5/18,107,0.5,0.483615771,0.080914079,79.16666667,0.3,1.05,1.35
2022/5/19,107.5,-0.5,0.715883171,0.062675272,77.27272727,1.1,1.125,2.225
2022/5/20,107,1,0.849814802,-0.024219914,72.72727273,1.4,1.225,2.625
2022/5/23,108,0,1.024834572,-0.008936351,73.91304348,1.7,1.4,3.1
2022/5/24,108,1.5,1.150279297,-0.002881373,70,1.9,1.425,3.325
2022/5/25,109.5,-0.5,1.355111725,0.019442001,72.72727273,1.75,1.65,3.4
2022/5/26,109,1,1.460264063,-0.008330303,72.72727273,1.35,1.9,3.25
2022/5/27,110,0.5,1.605779268,0.003149066,75,1.35,2.075,3.425
2022/5/30,110.5,2.5,1.741373468,0.019120531,76,1.25,2.25,3.5
2022/5/31,113,1.5,2.027193728,0.032222153,85.71428571,1.45,2.525,3.975
2022/6/1,114.5,-0.5,2.347683176,-0.001404133,93.10344828,1.7,2.75,4.45
2022/6/2,114,1.5,2.532138634,-0.020613518,88.46153846,2.05,2.925,4.975
2022/6/6,115.5,-2,2.767456857,0.009320849,89.28571429,2.3,3.2,5.5
2022/6/7,113.5,0.5,2.760740857,-0.031927287,77.41935484,2.35,3.275,5.625
2022/6/8,114,1.5,2.763903639,-0.022893863,75,1.95,3.375,5.325
2022/6/9,115.5,-1.5,2.854542245,0.016653616,76.66666667,1.55,3.35,4.9
2022/6/10,114,-2.5,2.773366882,-0.019289585,71.875,1.05,3.25,4.3
2022/6/13,111.5,0,2.47873243,-0.108522434,60,0.1,3.025,3.125
2022/6/14,111.5,0.5,2.21964581,-0.103700037,60,-0.4,2.775,2.375
2022/6/15,112,-0.5,2.031248648,-0.069277762,57.57575758,-0.7,2.325,1.625
2022/6/16,111.5,-2,1.820609861,-0.070733705,57.57575758,-1.2,1.8,0.6
2022/6/17,109.5,-0.5,1.475287622,-0.124842836,48.57142857,-1.65,1.25,-0.4
2022/6/20,109,3,1.148037576,-0.108349886,45.71428571,-1.5,0.5,-1
2022/6/21,112,-2.5,1.11787828,0.022860823,47.22222222,-1.25,0.15,-1.1
2022/6/22,109.5,-1.5,0.882079649,-0.033385039,36.84210526,-1.3,-0.375,-1.675
2022/6/23,108,2,0.567626822,-0.057727696,35,-1.25,-1.05,-2.3
2022/6/24,110,1,0.474336125,0.014037682,36.58536585,-0.75,-1.5,-2.25
2022/6/27,111,1,0.475611663,0.059719606,43.58974359,-0.3,-1.6,-1.9
2022/6/28,112,-1,0.55096302,0.087460185,45,-0.35,-1.625,-1.975
2022/6/29,111,-2,0.523948123,0.04857195,38.46153846,0.05,-1.625,-1.575
2022/6/30,109,-3,0.337267527,-0.027459762,37.5,0.5,-1.6,-1.1
2022/7/1,106,-3.5,-0.052151944,-0.08647775,36.58536585,0.05,-1.55,-1.5
2022/7/5,102.5,-2,-0.635860623,-0.065237809,31.25,-1,-1.55,-2.55
2022/7/6,100.5,3,-1.245480123,-0.073618372,27.45098039,-2.15,-2.05,-4.2
2022/7/7,103.5,-1.5,-1.469592493,0.00519108,35.71428571,-3.05,-2.125,-5.175
2022/7/8,102,-1,-1.748089735,-0.007654327,36.36363636,-3.85,-2.05,-5.9
2022/7/11,101,-0.5,-2.026136408,-0.02978543,35.71428571,-3.95,-2.3,-6.25
2022/7/12,100.5,2,-2.26077541,-0.022663515,27.45098039,-3.3,-2.8,-6.1
2022/7/13,102.5,2.5,-2.259301404,0.023845342,36,-1.95,-3.3,-5.25
2022/7/14,105,0,-2.032969332,0.078339346,44.23076923,-1.05,-3.55,-4.6
2022/7/15,105,0,-1.832475893,0.072378011,39.58333333,-0.05,-3.625,-3.675
2022/7/18,105,-1,-1.654511223,0.052793174,36.95652174,0.85,-3.5,-2.65
2022/7/19,104,-0.5,-1.575997464,0.015167421,32.60869565,1.4,-3.1,-1.7
2022/7/20,103.5,2,-1.53640979,0.002055549,33.33333333,1.3,-2.375,-1.075
2022/7/21,105.5,0.5,-1.328340704,0.070106876,42.22222222,1.2,-1.975,-0.775
2022/7/22,106,1.5,-1.110299787,0.145296657,50,1,-1.475,-0.475
2022/7/25,107.5,0.5,-0.807158901,0.13109205,63.88888889,0.85,-0.7,0.15
2022/7/26,108,0,-0.520570925,0.095623581,72.72727273,0.9,0.2,1.1
2022/7/27,108,0.5,-0.290103755,0.038789808,66.66666667,1.25,0.95,2.2
2022/7/28,108.5,0.5,-0.066346242,0.027639015,76,1.5,1.425,2.925
2022/7/29,109,0,0.149604473,0.030696665,83.33333333,1.7,1.825,3.525
2022/8/1,109,-1,0.317091735,0.01868487,86.95652174,1.6,2.075,3.675
2022/8/2,108,0.5,0.364928287,-0.024703582,76.19047619,1.2,2.2,3.4
2022/8/3,108.5,-0.5,0.438134381,-0.014264909,70.58823529,0.8,2.3,3.1
2022/8/4,108,0,0.450610558,-0.027319783,66.66666667,0.45,2.325,2.775
2022/8/5,108,0,0.455250177,-0.023753556,66.66666667,0.05,2.225,2.275
2022/8/8,108,1,0.453697171,-0.01692361,75,-0.2,1.925,1.725
2022/8/9,109,1,0.527082169,0.025873753,82.35294118,-0.1,1.6,1.5
2022/8/10,110,3,0.658342984,0.009271323,80,0,1.425,1.425
2022/8/11,113,-0.5,0.992996409,0.044469551,85,0.55,1.475,2.025
2022/8/12,112.5,-0.5,1.203987025,-0.00784828,77.77777778,1.1,1.45,2.55
2022/8/15,112,-1,1.315686373,-0.035632334,72.22222222,1.6,1.4,3
2022/8/16,111,1.5,1.308434451,-0.067003598,65,1.7,1.35,3.05
2022/8/17,112.5,-0.5,1.407499931,-0.008095514,68.18181818,1.8,1.3,3.1
2022/8/18,112,-1,1.429189411,-0.008011281,63.63636364,1.2,1.375,2.575
2022/8/19,111,0,1.350123454,-0.039320736,58.33333333,0.6,1.425,2.025
2022/8/22,111,-1,1.27279117,-0.037317916,63.63636364,0.1,1.55,1.65
2022/8/23,110,-0.5,1.117926375,-0.060821065,56.52173913,-0.2,1.55,1.35
2022/8/24,109.5,0,0.943967617,-0.068158253,56.52173913,-0.75,1.425,0.675
2022/8/25,109.5,1,0.796917677,-0.052952987,56.52173913,-0.9,1.025,0.125
2022/8/26,110.5,-2.5,0.752398007,-0.010913423,60,-0.8,0.75,-0.05
2022/8/29,108,0.5,0.509513388,-0.122675177,46.42857143,-1,0.4,-0.6
2022/8/30,108.5,0.5,0.353298791,-0.099113488,44.44444444,-1.05,0.125,-0.925
2022/8/31,109,-1.5,0.266768279,-0.031585719,31.81818182,-0.8,-0.25,-1.05
2022/9/1,107.5,0,0.076275505,-0.043666321,29.16666667,-0.75,-0.675,-1.425
2022/9/2,107.5,0.5,-0.073840207,-0.033875952,30.43478261,-1,-1,-2
2022/9/5,108,0.5,-0.150724709,-0.000232099,36.36363636,-0.7,-1.3,-2
2022/9/6,108.5,-2.5,-0.169358153,0.030964162,30,-0.55,-1.425,-1.975
2022/9/7,106,1,-0.381457198,-0.037159632,25,-0.8,-1.575,-2.375
2022/9/8,107,1.5,-0.463512493,0.005099328,33.33333333,-0.65,-1.525,-2.175
2022/9/12,108.5,1.5,-0.402860516,0.089389236,40.74074074,-0.25,-1.525,-1.775
2022/9/13,110,-2.5,-0.231092038,0.163114404,50,-0.05,-1.225,-1.275
2022/9/14,107.5,0.5,-0.293312267,0.024100428,43.75,-0.15,-1.15,-1.3
2022/9/15,108,-0.5,-0.29883168,0.011099605,45.45454545,0.35,-1.025,-0.675
2022/9/16,107.5,-0.5,-0.339636557,-0.02270328,40.625,0.45,-0.8,-0.35
2022/9/19,107,1.5,-0.407621728,-0.053255959,46.42857143,0.2,-0.65,-0.45
2022/9/20,108.5,-1.5,-0.336583081,0.035753194,50,-0.15,-0.475,-0.625
2022/9/21,107,0,-0.396748437,-0.034266149,43.75,-0.1,-0.475,-0.575
2022/9/22,107,-0.5,-0.439365187,-0.043204448,48.27586207,-0.4,-0.25,-0.65
2022/9/23,106.5,-2.5,-0.507633407,-0.062415688,46.66666667,-0.55,-0.15,-0.7
2022/9/26,104,-0.5,-0.754765108,-0.061535211,38.23529412,-0.7,-0.275,-0.975
2022/9/27,103.5,-3,-0.979671539,-0.047121765,35.29411765,-1.05,-0.7,-1.75
2022/9/28,100.5,1,-1.384032173,-0.048404629,34.28571429,-1.65,-1,-2.65
2022/9/29,101.5,0.5,-1.605294411,-0.011624188,34.28571429,-2.1,-1.275,-3.375
2022/9/30,102,-1,-1.720468023,0.023096017,30.3030303,-2.45,-1.55,-4
2022/10/3,101,1.5,-1.870869365,0.007794781,21.875,-2.45,-1.825,-4.275
2022/10/4,102.5,4.5,-1.847726607,0.046138424,33.33333333,-2.05,-2.15,-4.2
2022/10/5,107,0.5,-1.449563743,0.17654267,47.36842105,-0.75,-2.075,-2.825
2022/10/6,107.5,0,-1.081207497,0.179713946,50,0.4,-2.1,-1.7
2022/10/7,107.5,-3.5,-0.780287845,0.135578279,51.35135135,1.4,-2.025,-0.625
2022/10/11,104,-1,-0.814834696,-0.012291384,39.02439024,2,-1.8,0.2
2022/10/12,103,0.5,-0.912387531,-0.075597719,40,2.15,-1.5,0.65
2022/10/13,103.5,1.5,-0.938534196,-0.05781899,41.46341463,1.15,-1,0.15
2022/10/14,105,0,-0.828665809,0.005198086,46.51162791,0.3,-0.5,-0.2
2022/10/17,105,-1.5,-0.733143103,0.019652834,52.63157895,-0.5,-0.075,-0.575
2022/10/18,103.5,-0.5,-0.769606589,-0.025764335,50,-0.85,0.35,-0.5
2022/10/19,103,-0.5,-0.829290441,-0.045383426,57.14285714,-0.9,0.675,-0.225
2022/10/20,102.5,1,-0.906486731,-0.053648224,52.94117647,-0.65,0.45,-0.2
2022/10/21,103.5,-0.5,-0.876865742,-0.02208178,54.28571429,-0.55,0.225,-0.325
2022/10/24,103,0.5,-0.883551682,-0.035753057,55.88235294,-0.5,-0.05,-0.55
2022/10/25,103.5,0.5,-0.838834949,-0.013565945,53.125,-0.45,-0.075,-0.525
2022/10/26,104,0,-0.754355059,0.012038986,37.5,-0.35,0,-0.35
2022/10/27,104,0,-0.679570473,0.022573329,34.7826087,-0.1,-0.125,-0.225
2022/10/28,104,-1.5,-0.613234167,0.062420726,34.7826087,0.1,-0.35,-0.25
2022/10/31,102.5,-1,-0.673930974,-0.018222607,42.10526316,0.25,-0.625,-0.375
2022/11/1,101.5,0.5,-0.793577408,-0.063373243,42.10526316,0.05,-0.85,-0.8
2022/11/2,102,-1,-0.838387834,-0.036090318,42.10526316,-0.25,-0.925,-1.175
2022/11/3,101,-0.5,-0.94371352,-0.065701553,27.77777778,-0.7,-0.775,-1.475
2022/11/4,100.5,-0.5,-1.055365114,-0.040944708,26.31578947,-1.1,-0.725,-1.825
2022/11/7,100,0,-1.170700521,-0.040253585,29.41176471,-1.3,-0.65,-1.95
2022/11/8,100,2.5,-1.247721703,-0.030017408,31.25,-1.25,-0.8,-2.05
2022/11/9,102.5,-2,-1.094416684,0.093682352,50,-1,-0.925,-1.925
2022/11/10,100.5,-0.5,-1.121378089,0.010277613,36.36363636,-0.75,-1.125,-1.875
2022/11/11,100,1.5,-1.169608499,-0.035870248,36.36363636,-0.45,-1.275,-1.725
2022/11/14,101.5,0,-1.074408866,0.029742167,41.66666667,-0.05,-1.2,-1.25
2022/11/15,101.5,0,-0.987578283,0.038709729,39.13043478,0.25,-1.1,-0.85
2022/11/16,101.5,0,-0.90829417,0.040365096,39.13043478,0.1,-1.075,-0.975
2022/11/17,101.5,-1,-0.835826058,0.073544807,39.13043478,0.25,-0.975,-0.725
2022/11/18,100.5,-0.5,-0.849296043,0.003929723,40.90909091,0.35,-0.825,-0.475
2022/11/21,100,0.5,-0.890056902,-0.056123145,42.85714286,0.05,-0.675,-0.625
2022/11/22,100.5,0,-0.87196291,-0.015438909,42.85714286,-0.2,-0.475,-0.675
2022/11/23,100.5,0.5,-0.847849806,-0.001408123,47.36842105,-0.2,-0.5,-0.7
2022/11/24,101,-0.5,-0.779409627,0.044118271,52.63157895,-0.35,-0.3,-0.65
2022/11/25,100.5,-0.5,-0.756792284,0.002803635,52.63157895,-0.4,-0.075,-0.475
2022/11/28,100,0,-0.770333769,-0.049892599,50,-0.25,-0.1,-0.35
2022/11/29,100,0.5,-0.772164462,-0.050593508,33.33333333,-0.2,-0.175,-0.375
2022/11/30,100.5,2.5,-0.724913131,0.003546308,50,-0.1,-0.2,-0.3
2022/12/1,103,2.5,-0.48020154,0.182861352,68.75,0.15,-0.15,0
2022/12/2,105.5,0,-0.083573352,0.162443525,72.22222222,0.65,0.1,0.75
2022/12/5,105.5,-2.5,0.22812763,0.085583761,72.22222222,1.2,0.375,1.575
2022/12/6,103,-1,0.270307858,-0.039486579,56.52173913,1.55,0.475,2.025
2022/12/7,102,-0.5,0.220502533,-0.094666304,52,1.7,0.65,2.35
2022/12/8,101.5,0.5,0.139082378,-0.101686551,54.16666667,1.35,0.65,2
2022/12/9,102,0,0.113592714,-0.061128083,58.33333333,0.5,0.7,1.2
2022/12/12,102,-1,0.092327675,-0.035706445,56.52173913,-0.4,0.875,0.475
2022/12/13,101,1.5,-0.005157215,-0.054208208,52,-0.9,1,0.1
2022/12/14,102.5,-1,0.038182626,0.005394079,55.55555556,-1,1.15,0.15
2022/12/15,101.5,-1,-0.008068867,-0.014837653,53.57142857,-0.85,1,0.15
2022/12/16,100.5,1,-0.123985919,-0.052978102,51.72413793,-0.65,0.5,-0.15
2022/12/19,101.5,-1.5,-0.133619098,-0.02309452,54.83870968,-0.35,0.025,-0.325
2022/12/20,100,0,-0.259301855,-0.063421423,48.48484848,-0.25,-0.25,-0.5
2022/12/21,100,1,-0.354816244,-0.057647793,39.28571429,-0.55,-0.425,-0.975
2022/12/22,101,0,-0.345833886,-0.006078152,32,-0.6,-0.475,-1.075
2022/12/23,101,0,-0.334855298,0.028175066,32,-0.4,-0.6,-1
2022/12/26,101,-0.5,-0.322437826,0.036639049,40,-0.4,-0.75,-1.15
2022/12/27,100.5,0,-0.348920572,0.008761949,42.10526316,-0.25,-0.825,-1.075
2022/12/28,100.5,-0.8,-0.36569286,-0.000397813,44.44444444,0.05,-1.025,-0.975
2022/12/29,99.7,0.2,-0.438483764,-0.027588301,37.6344086,-0.03,-1.04,-1.07
2022/12/30,99.9,-0.8,-0.474562294,-0.010822181,38.94736842,-0.19,-0.82,-1.01
2023/1/3,99.1,-1,-0.561238494,0.023852672,39.78494624,-0.33,-0.74,-1.07
2023/1/4,98.1,-0.1,-0.702523398,-0.028997338,25,-0.62,-0.685,-1.305
2023/1/5,98,0.4,-0.813187942,-0.040516062,27.84810127,-0.92,-0.685,-1.605
2023/1/6,98.4,0.7,-0.858715001,-0.008266727,35.61643836,-0.92,-0.79,-1.71
2023/1/9,99.1,0.3,-0.828757968,0.055433717,32.85714286,-0.89,-0.835,-1.725
2023/1/10,99.4,-0.3,-0.771911198,0.07892897,44.82758621,-0.67,-0.865,-1.535
2023/1/11,99.1,-0.5,-0.742508046,0.043641969,42.62295082,-0.33,-0.91,-1.24
2023/1/12,98.6,0,-0.750895798,-0.011804559,28.57142857,-0.02,-0.905,-0.925
2023/1/13,98.6,-0.5,-0.748910182,-0.022715051,28.57142857,0.13,-0.87,-0.74
2023/1/16,98.1,0,-0.778705951,-0.055478197,26.2295082,0.11,-0.93,-0.82
2023/1/17,98.1,0,-0.793176072,-0.046942292,28.57142857,-0.05,-0.86,-0.91
2023/1/30,98.1,1.6,-0.795474018,-0.033072742,28.57142857,-0.25,-0.765,-1.015
2023/1/31,99.7,0.3,-0.660573844,0.110329497,50,-0.2,-0.58,-0.78
2023/2/1,100,0,-0.523423294,0.143597683,50.76923077,-0.08,-0.37,-0.45
2023/2/2,100,-0.4,-0.410004221,0.116015309,57.89473684,0.21,-0.23,-0.02
2023/2/3,99.6,1.9,-0.348379544,0.046782554,64.70588235,0.49,-0.14,0.35
2023/2/6,101.5,-1,-0.144561012,0.103195394,75.36231884,0.93,0.05,0.98
2023/2/7,100.5,0,-0.06299879,0.028999755,64,0.9,0.24,1.14
2023/2/8,100.5,0.5,0.001621172,0.003200907,60.29411765,0.81,0.39,1.2
2023/2/9,101,0.5,0.092116911,0.027200968,61.42857143,0.72,0.625,1.345
2023/2/10,101.5,-0.5,0.201854406,0.057650741,66.66666667,0.76,0.845,1.605
2023/2/13,101,1,0.245644701,0.019600499,66.66666667,0.37,0.99,1.36
2023/2/14,102,0.5,0.356926047,0.067687814,70.73170732,0.44,1.02,1.46
2023/2/15,102.5,1,0.479930793,0.062787689,76.82926829,0.59,1.065,1.655
2023/2/16,103.5,0,0.650604816,0.045865736,79.34782609,0.74,1.195,1.935
2023/2/17,103.5,-0.5,0.77690948,0.030168813,79.34782609,0.75,1.38,2.13
2023/2/20,103,-0.5,0.827126416,-0.036853176,70.37037037,1,1.335,2.335
2023/2/21,102.5,-0.5,0.817158187,-0.072173157,65.06024096,0.9,1.34,2.24
2023/2/22,102,1,0.760149938,-0.090737641,61.36363636,0.65,1.32,1.97
2023/2/23,103,-2,0.786594757,-0.024083241,68.08510638,0.35,1.275,1.625
2023/2/24,101,1,0.638805431,-0.12639883,47.36842105,-0.1,1.08,0.98
2023/3/1,102,0.5,0.595508318,-0.05787802,57.89473684,-0.4,0.985,0.585
2023/3/2,102.5,0,0.594685699,0.004971687,60,-0.45,0.895,0.445
2023/3/3,102.5,1,0.587264152,0.019441192,57.89473684,-0.35,0.77,0.42
2023/3/6,103.5,1.5,0.65452916,0.080698271,60,-0.25,0.595,0.345
2023/3/7,105,-1,0.819428763,0.065421306,68.18181818,0.4,0.475,0.875
2023/3/8,104,-1.5,0.85951331,0.003580072,59.09090909,0.7,0.45,1.15
2023/3/9,102.5,-0.5,0.761465438,-0.075275255,50,0.7,0.35,1.05
2023/3/10,102,1,0.636083596,-0.097003606,43.47826087,0.6,0.275,0.875
2023/3/13,103,-1,0.610373223,-0.036518126,48,0.5,0.175,0.675
2023/3/14,102,0.5,0.503501869,-0.053933891,46.15384615,-0.2,0.25,0.05
2023/3/15,102.5,-0.5,0.453918877,-0.023971026,50,-0.55,0.225,-0.325
2023/3/16,102,1.5,0.3700129,-0.031320887,50,-0.6,0.175,-0.425
2023/3/17,103.5,-1,0.419716047,0.03717187,51.85185185,-0.4,0.225,-0.175
2023/3/20,102.5,1,0.37410209,0.003335425,56,-0.4,0.175,-0.225
2023/3/21,103.5,0,0.413873468,0.000986902,56,0.05,0.025,0.075
2023/3/22,103.5,0,0.440316872,0.000153046,54.16666667,0.3,-0.05,0.25
2023/3/23,103.5,2,0.456016783,-9.37E-05,54.16666667,0.5,0,0.5
2023/3/24,105.5,-2,0.62266467,0.11097917,57.69230769,0.55,0.175,0.725
2023/3/27,103.5,-0.5,0.586589201,-0.000108521,44.44444444,0.7,0.2,0.9
2023/3/28,103,0.5,0.511754127,-0.055631092,46.15384615,0.5,0.2,0.7
2023/3/29,103.5,1,0.487176743,-0.027826183,54.16666667,0.4,0.225,0.625
2023/3/30,104.5,-0.5,0.542141166,0.041637145,60,0.35,0.375,0.725
2023/3/31,104,-0.5,0.539140174,0.020815913,54.16666667,0,0.35,0.35
2023/4/6,103.5,-0.5,0.490758881,-0.034732262,56.52173913,-0.1,0.45,0.35
2023/4/7,103,0,0.407374577,-0.07118624,52.17391304,-0.05,0.5,0.45
2023/4/10,103,0.5,0.337402548,-0.089288889,54.54545455,-0.1,0.5,0.4
2023/4/11,103.5,-1,0.318622155,-0.035778043,50,-0.3,0.45,0.15
2023/4/12,102.5,0.5,0.22050507,-0.084884392,50,-0.3,0.125,-0.175
2023/4/13,103,1.5,0.181005871,-0.040225596,47.36842105,-0.35,0.075,-0.275
2023/4/14,104.5,-0.5,0.267654581,0.088138359,54.54545455,-0.2,0.1,-0.1
2023/4/17,104,0.5,0.292605511,0.062480473,52.17391304,-0.05,0.075,0.025
2023/4/18,104.5,-0.5,0.348705466,0.099969692,45,0.15,-0.05,0.1
2023/4/19,104,0.5,0.34879853,0.042682907,52.94117647,0.45,-0.075,0.375
2023/4/20,104.5,-0.5,0.384782571,0.059357151,58.82352941,0.65,-0.075,0.575
2023/4/21,104,-0.5,0.36870417,0.007019758,52.94117647,0.45,0,0.45
2023/4/24,103.5,-0.5,0.312019335,-0.049486197,43.75,0.3,0.05,0.35
2023/4/25,103,0.5,0.224166324,-0.092907803,43.75,0.05,0.025,0.075
2023/4/26,103.5,0,0.192667055,-0.038869587,50,-0.15,0.225,0.075
2023/4/27,103.5,1,0.165792505,-0.015642636,53.33333333,-0.4,0.275,-0.125
2023/4/28,104.5,1.5,0.222619652,0.077408094,58.82352941,-0.3,0.2,-0.1
2023/5/2,106,-0.5,0.384263489,0.164652086,63.15789474,0,0.275,0.275
2023/5/3,105.5,-0.5,0.46664241,0.109585777,66.66666667,0.4,0.325,0.725
2023/5/4,105,0,0.485980397,0.020803708,61.11111111,0.6,0.375,0.975
2023/5/5,105,0,0.495593004,-0.006592736,53.33333333,0.85,0.35,1.2
2023/5/8,105,1.5,0.497476465,-0.011793663,57.14285714,0.85,0.35,1.2
2023/5/9,106.5,0,0.612940984,0.041937854,62.5,0.65,0.475,1.125
2023/5/10,106.5,-1.5,0.696419555,0.04488627,66.66666667,0.5,0.675,1.175
2023/5/11,105,-2.5,0.63422847,-0.059348194,52.94117647,0.35,0.7,1.05
2023/5/12,102.5,-0.5,0.378845386,-0.170569761,42.85714286,-0.05,0.625,0.575
2023/5/15,102,0,0.134555558,-0.180732713,42.85714286,-0.4,0.5,0.1
2023/5/16,102,0.5,-0.058373003,-0.138090272,45,-0.9,0.2,-0.7
2023/5/17,102.5,0.5,-0.168976599,-0.067907094,45,-1.4,0,-1.4
2023/5/18,103,0,-0.213820139,-0.008384526,47.61904762,-1.6,-0.15,-1.75
2023/5/19,103,0,-0.24651727,0.008592247,42.10526316,-1.3,-0.275,-1.575
2023/5/22,103,-0.5,-0.269325367,0.010688379,31.25,-0.9,-0.425,-1.325
2023/5/23,102.5,0.5,-0.324011763,-0.016459683,31.25,-0.4,-0.775,-1.175
2023/5/24,103,-0.5,-0.323278749,0.005868222,37.5,0.05,-1.125,-1.075
2023/5/25,102.5,0,-0.358906401,-0.015016857,35.29411765,0.2,-1.325,-1.125
2023/5/26,102.5,3,-0.382729703,-0.016483913,35.29411765,0.1,-1.275,-1.175
2023/5/29,105.5,1.5,-0.157716851,0.137270302,45,0.25,-0.975,-0.725
2023/5/30,107,-0.5,0.140030732,0.174724613,52.17391304,0.65,-0.525,0.125
2023/5/31,106.5,1.5,0.331826921,0.119573704,57.14285714,0.95,-0.175,0.775
2023/6/1,108,0,0.597971206,0.138392551,78.94736842,1.55,0.175,1.725
2023/6/2,108,-0.5,0.799674323,0.072784839,83.33333333,2.15,0.525,2.675
2023/6/5,107.5,-0.5,0.908704692,0.020329559,78.94736842,2.1,0.85,2.95
2023/6/6,107,1,0.943885697,-0.015723794,73.68421053,1.65,1.275,2.925
2023/6/7,108,-1,1.04046471,0.014908102,75,1.45,1.7,3.15
2023/6/8,107,1,1.024502801,-0.016875235,68.18181818,0.8,2.05,2.85
2023/6/9,108,2.5,1.080093865,0.015112025,70.83333333,0.25,2.325,2.575
2023/6/12,110.5,2,1.310769556,0.01754512,78.57142857,0.35,2.4,2.75
2023/6/13,112.5,0,1.636104988,0.039903477,80.64516129,0.9,2.425,3.325
2023/6/14,112.5,-1,1.872352349,0.035517197,83.33333333,1.2,2.525,3.725
2023/6/15,111.5,-0.5,1.956337007,-0.000595036,78.125,1.75,2.45,4.2
2023/6/16,111,1.5,1.959956474,-0.038641002,70.37037037,2.05,2.35,4.4
2023/6/19,112.5,0,2.060114673,0.011507757,70.37037037,1.95,2.375,4.325
2023/6/20,112.5,0.5,2.115109105,0.004501341,73.07692308,1.4,2.425,3.825
2023/6/21,113,2.5,2.173978143,0.018291068,70.83333333,1,2.425,3.425
2023/6/26,115.5,-1.5,2.394756129,0.0213324,75.86206897,0.95,2.625,3.575
2023/6/27,114,1,2.420781547,-0.030264177,70.96774194,0.95,2.65,3.6
2023/6/28,115,-2,2.493356657,-0.015547151,75,1,2.625,3.625
2023/6/29,113,0,2.362259018,-0.060612686,64.70588235,1.05,2.375,3.425
2023/6/30,113,2,2.232626862,-0.056725898,68.75,1,2.1,3.1
2023/7/3,115,-6.5,2.265164325,0.00886587,70.58823529,0.55,2.1,2.65
2023/7/5,108.5,-3,1.746324282,-0.157508211,45.23809524,-0.3,1.825,1.525
2023/7/6,105.5,0,1.080608303,-0.176632891,34.09090909,-1.5,1.225,-0.275
2023/7/7,105.5,-1,0.54672133,-0.12729207,34.09090909,-2.3,0.6,-1.7
2023/7/10,104.5,0.5,0.042431293,-0.103967181,34.09090909,-3.15,-0.075,-3.225
2023/7/11,105,2.5,-0.313265247,-0.061727497,36.36363636,-4.1,-1.025,-5.125
2023/7/12,107.5,-0.5,-0.388944698,0.016347632,39.13043478,-3.65,-1.65,-5.3
2023/7/13,107,2.5,-0.483691337,0.021362839,38.29787234,-2.55,-2.275,-4.825
2023/7/14,109.5,1,-0.352980682,0.069359265,43.1372549,-1.4,-2.475,-3.875
2023/7/17,110.5,1.5,-0.166777398,0.084851888,39.58333333,0.05,-2.625,-2.575
2023/7/18,112,-3.5,0.100667082,0.10555555,45.83333333,1.75,-2.95,-1.2
2023/7/19,108.5,-0.5,0.029853874,0.008255622,37.73584906,1.95,-2.825,-0.875
2023/7/20,108,-0.5,-0.065852815,-0.021756454,40,1.9,-2.35,-0.45
2023/7/21,107.5,0.5,-0.179972269,-0.035725122,39.21568627,1.3,-1.9,-0.6
2023/7/24,108,4,-0.227445091,-0.004492357,35.41666667,0.45,-1.3,-0.85
2023/7/25,112,-0.5,0.057041388,0.115550034,58.13953488,-0.25,-0.425,-0.675
2023/7/26,111.5,-1,0.239393571,0.102784235,65.78947368,-0.05,0.1,0.05
2023/7/27,110.5,-1,0.299761879,0.046118948,62.5,0.1,0.675,0.775
2023/7/28,109.5,-1,0.263870816,-0.007354888,62.5,0.5,0.85,1.35
2023/7/31,108.5,2,0.152971884,-0.054832338,58.53658537,0.8,0.875,1.675
2023/8/1,110.5,-2.5,0.223886146,-0.013077649,57.5,0.65,0.95,1.6
2023/8/2,108,3,0.077464144,-0.088655279,52.27272727,0,0.925,0.925
2023/8/4,111,-1.5,0.201179509,0.02175699,53.33333333,-0.2,0.95,0.75
2023/8/7,109.5,1,0.176156737,-0.009650618,47.82608696,-0.4,0.95,0.55
2023/8/8,110.5,0,0.234316598,0.02062442,46.66666667,-0.25,0.9,0.65
2023/8/9,110.5,-0.5,0.277213165,0.034026085,55.26315789,-0.1,0.475,0.375
2023/8/10,110,-1.5,0.267776423,0.009639211,55.26315789,0.45,0.2,0.65
2023/8/11,108.5,1.5,0.13767326,-0.070982695,52.5,0.15,-0.075,0.075
2023/8/14,110,-3,0.153829777,-0.035892498,54.76190476,0.2,-0.05,0.15
2023/8/15,107,-1.5,-0.074581268,-0.118146824,37.5,-0.35,-0.025,-0.375
2023/8/16,105.5,1,-0.372343982,-0.093548699,35.71428571,-0.85,-0.2,-1.05
2023/8/17,106.5,-0.5,-0.521618541,-0.029636994,40.47619048,-1.4,-0.25,-1.65
2023/8/18,106,0,-0.672513212,-0.022916485,41.46341463,-1.4,-0.65,-2.05
2023/8/21,106,0.5,-0.783071565,-0.015507237,43.58974359,-1.85,-0.925,-2.775
2023/8/22,106.5,0,-0.820881425,0.006888551,38.88888889,-1.55,-1.25,-2.8
2023/8/23,106.5,3,-0.84114976,0.01076536,45.16129032,-0.95,-1.375,-2.325
2023/8/24,109.5,-1.5,-0.608127518,0.109043223,45.16129032,-0.3,-1.325,-1.625
2023/8/25,108,0,-0.538288126,0.071736498,45.16129032,0.15,-1.25,-1.1
2023/8/28,108,-2,-0.477436316,0.044475692,41.37931034,0.75,-1.375,-0.625
2023/8/29,106,0,-0.583863687,-0.047176381,36.36363636,0.75,-1.35,-0.6
2023/8/30,106,0.5,-0.660593237,-0.054507425,37.5,0.6,-1.075,-0.475
2023/8/31,106.5,1,-0.673294814,-0.019986057,43.33333333,0,-1,-1
2023/9/1,107.5,-1,-0.595801236,0.039095344,41.37931034,-0.25,-0.675,-0.925
2023/9/4,106.5,0.5,-0.608069217,-0.001362687,48,-0.6,-0.475,-1.075
2023/9/5,107,-1,-0.570865279,0.01159075,56.52173913,-0.45,-0.25,-0.7
2023/9/6,106,-0.5,-0.614983387,-0.033523124,47.82608696,-0.4,-0.075,-0.475
2023/9/7,105.5,0.5,-0.682426539,-0.059148084,47.82608696,-0.2,-0.25,-0.45
2023/9/8,106,-1,-0.687603634,-0.02804003,50,-0.3,-0.325,-0.625
2023/9/11,105,2.5,-0.763595904,-0.058707555,44,-0.3,-0.375,-0.675
2023/9/12,107.5,-1.5,-0.61500186,0.061938816,53.33333333,-0.35,-0.25,-0.6
2023/9/13,106,0.5,-0.611231577,0.025479341,37.03703704,-0.35,-0.275,-0.625
2023/9/14,106.5,-0.5,-0.561426009,0.041244637,44,-0.15,-0.275,-0.425
2023/9/15,106,0.5,-0.555892576,0.012553373,42.30769231,0,-0.425,-0.425
2023/9/18,106.5,0,-0.505336267,0.055813643,52.17391304,0.3,-0.45,-0.15
2023/9/19,106.5,-0.5,-0.459967805,0.052675299,52.17391304,0.15,-0.5,-0.35
2023/9/20,106,-1,-0.459066955,-0.002944778,47.82608696,0.15,-0.475,-0.325
2023/9/21,105,0,-0.532901709,-0.099446936,39.13043478,-0.1,-0.3,-0.4
2023/9/22,105,0.5,-0.584676496,-0.098710742,42.85714286,-0.2,-0.25,-0.45
2023/9/25,105.5,-1.5,-0.578691769,-0.023849008,42.85714286,-0.45,-0.075,-0.525
2023/9/26,104,0,-0.687066221,-0.049171322,40.90909091,-0.6,-0.325,-0.925
2023/9/27,104,0,-0.764145166,-0.01195907,42.85714286,-0.8,-0.425,-1.225
2023/9/28,104,0.5,-0.815826445,0.024639316,40,-0.75,-0.55,-1.3
2023/10/2,104.5,-0.5,-0.807134269,0.055406861,47.36842105,-0.7,-0.55,-1.25
2023/10/3,104,-1,-0.831012088,0.021469254,26.66666667,-0.75,-0.675,-1.425
2023/10/4,103,0.5,-0.920021637,-0.022938016,28.57142857,-0.6,-0.825,-1.425
2023/10/5,103.5,2,-0.939387846,-0.00330533,28.57142857,-0.45,-0.95,-1.4
2023/10/6,105.5,0.5,-0.784311368,0.102429174,47.05882353,-0.2,-0.9,-1.1
2023/10/11,106,1,-0.613988642,0.128255507,47.05882353,0,-0.8,-0.8
2023/10/12,107,0.5,-0.393775809,0.177648213,52.63157895,0.45,-0.75,-0.3
2023/10/13,107.5,-0.5,-0.176870874,0.145584336,57.89473684,1,-0.4,0.6
2023/10/16,107,-0.5,-0.044801528,0.076172283,61.11111111,1.4,-0.15,1.25
2023/10/17,106.5,-1,0.019296126,-0.003405619,57.89473684,1.35,0.1,1.45
2023/10/18,105.5,-2,-0.010476893,-0.067903235,50,1.15,0.225,1.375
2023/10/19,103.5,0,-0.193228097,-0.157960922,47.61904762,0.5,0.325,0.825
2023/10/20,103.5,-3,-0.334207211,-0.140985113,47.61904762,-0.35,0.525,0.175
2023/10/23,100.5,-2.2,-0.680168542,-0.131324428,37.03703704,-1.35,0.5,-0.85
2023/10/24,98.3,0.7,-1.118968235,-0.088338664,29.60526316,-2.27,0.115,-2.155
2023/10/25,99,-0.5,-1.394164937,-0.039152416,33.76623377,-2.87,-0.285,-3.155
2023/10/26,98.5,-0.3,-1.633773009,-0.028749994,34.89932886,-3.02,-0.785,-3.805
2023/10/27,98.2,-3.7,-1.826813259,-0.025971235,31.97278912,-3.15,-1.425,-4.575
2023/10/30,94.5,2,-2.252393931,-0.030883203,16.46341463,-3.1,-2.2,-5.3
2023/10/31,96.5,-0.9,-2.400613614,0.011323892,23.46368715,-2.46,-2.825,-5.285
2023/11/1,95.6,1.4,-2.561177599,0.002973264,17.97752809,-2.15,-3.37,-5.52
2023/11/2,97,-1.2,-2.546107472,0.025142291,21.92513369,-1.8,-3.67,-5.47
2023/11/3,95.8,0.6,-2.601011418,0.002970404,21.13402062,-1.51,-4.08,-5.59
2023/11/6,96.4,-0.3,-2.566522927,0.012541974,24.1025641,-0.72,-4.135,-4.855
2023/11/7,96.1,0.9,-2.534185528,0.009451547,25,-0.58,-3.885,-4.465
2023/11/8,97,0.9,-2.408175481,0.032092451,31.63841808,-0.1,-3.635,-3.735
2023/11/9,97.9,-0.7,-2.210211193,0.080175993,34.94623656,0.14,-3.24,-3.1
2023/11/10,97.2,0.5,-2.085763832,0.088208914,39.87730061,0.52,-2.825,-2.305
2023/11/13,97.7,2.3,-1.924606909,0.0984157,47.94520548,0.46,-2.04,-1.58
2023/11/14,100,0.5,-1.592935738,0.122467367,53.08641975,0.89,-1.365,-0.475
2023/11/15,100.5,0.5,-1.275040253,0.100244395,56.17283951,1.1,-0.625,0.475
2023/11/16,101,1.5,-0.971560426,0.08629422,58.53658537,1.32,-0.1,1.22
2023/11/17,102.5,-1.5,-0.603061297,0.048137883,78.16901408,1.71,0.62,2.33
2023/11/20,101,1.5,-0.427136779,-0.018974972,66.42335766,1.91,1.055,2.965
2023/11/21,102.5,-0.5,-0.164778405,0.01417128,74.12587413,1.77,1.485,3.255
2023/11/22,102,-0.5,0.002764804,-0.007782677,68.65671642,1.57,1.835,3.405
2023/11/23,101.5,0,0.094113304,-0.028036727,72.44094488,1.31,2.045,3.355
2023/11/24,101.5,0,0.164610125,-0.026091058,71.07438017,0.68,2.31,2.99
2023/11/27,101.5,1,0.217966779,-0.020853669,72.88135593,0.4,2.34,2.74
2023/11/28,102.5,-0.5,0.337058552,0.007398872,73.1092437,0.15,2.29,2.44
2023/11/29,102,-0.5,0.38663691,-0.005244854,67.82608696,0,2.12,2.12
2023/11/30,101.5,-1,0.381188194,-0.031819847,69.02654867,-0.05,1.945,1.895
2023/12/1,100.5,0.5,0.292803152,-0.085216856,61.86440678,-0.05,1.51,1.46
2023/12/4,101,0,0.260104864,-0.104971254,55,-0.15,1.28,1.13
2023/12/5,101,0,0.231522389,-0.119381326,52.63157895,-0.3,0.885,0.585
2023/12/6,101,0,0.206490281,-0.093138512,50,-0.4,0.585,0.185
2023/12/7,101,0.5,0.184525064,-0.063293181,40,-0.45,0.38,-0.07
2023/12/8,101.5,-0.5,0.205099039,-0.004294267,53.84615385,-0.25,0.165,-0.085
2023/12/11,101,0,0.178994899,-0.024185258,36.36363636,-0.2,-0.05,-0.25
2023/12/12,101,0,0.15650311,-0.008825976,40,-0.05,-0.25,-0.3
2023/12/13,101,1,0.137097827,-0.002779662,44.44444444,0.05,-0.375,-0.325
2023/12/14,102,-0.5,0.200103969,0.099426832,54.54545455,0.2,-0.375,-0.175
2023/12/15,101.5,0.5,0.207301328,0.050121748,50,0.1,-0.225,-0.125
2023/12/18,102,0.5,0.250463916,0.07526504,45.45454545,0.2,-0.175,0.025
2023/12/19,102.5,2,0.321312509,0.162734603,54.54545455,0.35,-0.025,0.325
2023/12/20,104.5,-1,0.532703144,0.143918343,71.42857143,0.7,0.2,0.9
2023/12/21,103.5,0,0.612479817,0.040734692,71.42857143,0.75,0.35,1.1
2023/12/22,103.5,0,0.668003081,0.004755106,69.23076923,0.95,0.45,1.4
2023/12/25,103.5,0.5,0.703891644,-0.005428567,69.23076923,1,0.6,1.6
2023/12/26,104,-0.5,0.763873946,0.024632657,71.42857143,1,0.825,1.825
2023/12/27,103.5,0.5,0.762277471,-0.005260202,66.66666667,0.55,1,1.55
2023/12/28,104,0.5,0.792225788,0.019831634,66.66666667,0.45,1.075,1.525
2023/12/29,104.5,0.5,0.846547396,0.024618907,73.33333333,0.35,1.175,1.525
2024/1/2,105,-0.5,0.919345836,0.047438776,75,0.35,1.275,1.625
2024/1/3,104.5,-0.5,0.926018735,0.010034049,70.58823529,0.25,1.3,1.55
2024/1/4,104,0,0.88080783,-0.033075645,62.5,0.4,1.1,1.5
2024/1/5,104,-2.5,0.835348485,-0.035584157,66.66666667,0.35,1,1.35
2024/1/8,101.5,-0.5,0.590782349,-0.214815246,47.36842105,-0.05,0.8,0.75
2024/1/9,101,-1,0.352552101,-0.205919207,42.10526316,-0.6,0.55,-0.05
2024/1/10,100,0.5,0.082114704,-0.152215395,23.52941176,-1.1,0.2,-0.9
2024/1/11,100.5,0,-0.090816188,-0.062999744,31.25,-1.5,-0.075,-1.575
2024/1/12,100.5,-0.5,-0.225268412,-0.024945896,31.25,-1.85,-0.35,-2.2
2024/1/15,100,0,-0.367927352,-0.032780865,29.41176471,-1.7,-0.725,-2.425
2024/1/16,100,-1.4,-0.475504272,-0.00999358,25,-1.4,-1.125,-2.525
2024/1/17,98.6,1.3,-0.666050244,-0.028653965,22.47191011,-1.09,-1.52,-2.61
2024/1/18,99.9,0.6,-0.704044378,0.023844431,28.86597938,-0.8,-1.7,-2.5
2024/1/19,100.5,-0.6,-0.677925317,0.054084845,29.59183673,-0.45,-1.9,-2.35
2024/1/22,99.9,1.1,-0.697599268,0.025046814,24.24242424,-0.31,-1.88,-2.19
2024/1/23,101,-0.5,-0.617314196,0.053833295,33.33333333,-0.11,-1.755,-1.865
2024/1/24,100.5,1.5,-0.587263906,0.034751079,33.33333333,0.22,-1.53,-1.31
2024/1/25,102,0.5,-0.437369645,0.097050331,41.66666667,0.49,-1.305,-0.815
2024/1/26,102.5,0,-0.275060813,0.129271652,55,0.69,-1.03,-0.34
2024/1/29,102.5,-0.5,-0.144761177,0.105009069,57.89473684,0.96,-0.68,0.28
2024/1/30,102,0.5,-0.080910908,0.047691156,61.11111111,0.96,-0.33,0.63
