Date,Open,Max,Min,Close,Diff
109/01/02,91.00,91.50,90.30,90.80, 0.00
109/01/03,91.40,92.20,90.80,91.60,+0.80
109/01/06,91.10,91.10,90.10,90.50,-1.10
109/01/07,90.50,91.00,88.30,89.10,-1.40
109/01/08,87.90,88.10,86.50,86.50,-2.60
109/01/09,87.30,87.70,87.00,87.10,+0.60
109/01/10,88.00,89.00,87.50,89.00,+1.90
109/01/13,89.70,89.70,88.60,89.60,+0.60
109/01/14,90.00,90.10,89.60,90.00,+0.40
109/01/15,90.00,90.30,89.50,89.90,-0.10
109/01/16,89.80,90.20,89.40,90.00,+0.10
109/01/17,91.00,92.40,91.00,92.30,+2.30
109/01/20,92.70,93.40,92.10,92.30, 0.00
109/01/30,85.50,86.20,83.10,83.10,-9.20
109/01/31,83.00,84.90,82.60,83.20,+0.10
109/02/03,79.50,82.30,77.30,82.20,-1.00
109/02/04,82.80,83.90,81.50,82.20, 0.00
109/02/05,82.20,82.70,81.60,82.20, 0.00
109/02/06,82.50,83.60,82.30,83.60,+1.40
109/02/07,83.60,83.60,82.70,82.90,-0.70
109/02/10,79.00,82.70,78.90,82.00,-0.90
109/02/11,82.60,83.40,82.10,82.90,+0.90
109/02/12,83.00,85.60,83.00,85.50,+2.60
109/02/13,85.80,86.30,84.70,84.70,-0.80
109/02/14,84.70,85.30,84.30,84.90,+0.20
109/02/17,84.20,84.20,83.80,83.90,-1.00
109/02/18,84.00,84.30,83.00,83.40,-0.50
109/02/19,83.00,84.60,82.50,83.80,+0.40
109/02/20,84.00,84.10,82.50,82.80,-1.00
109/02/21,82.10,82.20,81.60,81.70,-1.10
109/02/24,80.60,81.40,80.20,80.70,-1.00
109/02/25,80.20,82.70,79.90,82.30,+1.60
109/02/26,81.20,82.20,80.70,81.10,-1.20
109/02/27,80.80,81.50,80.00,80.30,-0.80
109/03/02,78.20,80.30,78.10,79.20,-1.10
109/03/03,81.10,82.00,80.60,81.00,+1.80
109/03/04,81.50,81.90,81.10,81.70,+0.70
109/03/05,83.30,83.60,82.60,82.70,+1.00
109/03/06,81.60,81.70,80.70,80.80,-1.90
109/03/09,79.20,80.10,79.10,79.10,-1.70
109/03/10,78.50,79.80,78.50,79.40,+0.30
109/03/11,79.30,80.10,78.60,78.60,-0.80
109/03/12,77.40,77.50,74.50,74.70,-3.90
109/03/13,70.00,75.00,69.90,74.60,-0.10
109/03/16,73.90,74.30,71.10,71.10,-3.50
109/03/17,70.10,72.80,70.00,70.60,-0.50
109/03/18,70.70,71.30,70.00,70.00,-0.60
109/03/19,68.70,69.30,65.70,66.30,-3.70
109/03/20,68.00,71.40,68.00,70.80,+4.50
109/03/23,67.50,68.40,67.00,67.50,-3.30
109/03/24,70.60,70.70,69.10,69.40,+1.90
109/03/25,71.20,72.60,71.10,71.40,+2.00
109/03/26,71.50,71.70,70.50,71.00,-0.40
109/03/27,71.40,72.20,70.00,70.10,-0.90
109/03/30,69.50,70.30,69.00,70.00,-0.10
109/03/31,70.10,70.50,69.90,69.90,-0.10
109/04/01,70.50,70.50,70.00,70.00,+0.10
109/04/06,70.00,70.30,69.40,70.20,+0.20
109/04/07,71.40,71.90,70.80,71.20,+1.00
109/04/08,71.50,75.30,71.40,75.00,+3.80
109/04/09,75.50,75.90,73.70,74.00,-1.00
109/04/10,73.50,73.90,73.40,73.90,-0.10
109/04/13,73.80,73.90,73.10,73.10,-0.80
109/04/14,73.50,74.50,73.20,74.40,+1.30
109/04/15,74.50,75.20,74.10,74.10,-0.30
109/04/16,74.00,75.00,73.80,74.00,-0.10
109/04/17,75.50,76.50,75.30,75.80,+1.80
109/04/20,76.10,76.60,75.40,76.20,+0.40
109/04/21,75.20,75.50,73.50,73.50,-2.70
109/04/22,72.60,73.90,72.50,73.90,+0.40
109/04/23,74.20,75.20,73.60,74.00,+0.10
109/04/24,74.00,74.20,73.70,73.80,-0.20
109/04/27,74.20,75.20,74.20,74.90,+1.10
109/04/28,75.10,75.40,74.80,75.20,+0.30
109/04/29,75.20,76.20,75.10,75.60,+0.40
109/04/30,76.20,77.00,76.00,77.00,+1.40
109/05/04,74.00,75.00,73.90,74.50,-2.50
109/05/05,74.70,75.00,74.00,74.10,-0.40
109/05/06,74.10,75.20,74.10,74.30,+0.20
109/05/07,74.50,75.80,74.50,75.20,+0.90
109/05/08,76.80,76.80,75.90,76.20,+1.00
109/05/11,76.90,79.20,76.90,78.90,+2.70
109/05/12,78.30,78.40,77.00,77.30,-1.60
109/05/13,77.70,78.80,77.70,78.80,+1.50
109/05/14,78.00,78.90,78.00,78.20,-0.60
109/05/15,78.20,78.60,76.40,77.10,-1.10
109/05/18,76.60,76.60,74.90,75.00,-2.10
109/05/19,75.40,76.00,74.60,74.80,-0.20
109/05/20,74.90,75.30,74.50,74.50,-0.30
109/05/21,74.50,75.00,74.30,74.70,+0.20
109/05/22,74.20,74.40,73.50,73.60,-1.10
109/05/25,73.50,73.60,72.60,73.60, 0.00
109/05/26,73.70,75.30,73.60,74.80,+1.20
109/05/27,74.80,75.50,74.80,75.30,+0.50
109/05/28,75.70,75.90,74.80,75.30, 0.00
109/05/29,74.30,75.80,74.30,75.80,+0.50
109/06/01,76.00,76.80,75.90,76.20,+0.40
109/06/02,76.50,77.50,76.40,77.10,+0.90
109/06/03,78.00,78.40,77.60,78.10,+1.00
109/06/04,78.50,78.70,77.60,78.40,+0.30
109/06/05,78.10,78.50,77.80,78.50,+0.10
109/06/08,79.10,79.80,78.80,79.70,+1.20
109/06/09,79.30,80.20,78.90,79.50,-0.20
109/06/10,79.60,79.90,79.10,79.90,+0.40
109/06/11,79.90,80.30,78.10,78.60,-1.30
109/06/12,77.30,78.00,76.60,78.00,-0.60
109/06/15,77.70,77.90,77.00,77.00,-1.00
109/06/16,77.80,78.50,77.70,78.40,+1.40
109/06/17,78.90,79.00,77.90,78.20,-0.20
109/06/18,78.40,78.70,77.70,78.50,+0.30
109/06/19,78.60,78.90,78.10,78.80,+0.30
109/06/22,78.70,78.90,78.20,78.90,+0.10
109/06/23,79.60,80.70,79.30,80.20,+1.30
109/06/24,81.10,83.50,81.00,83.50,+3.30
109/06/29,83.60,85.80,83.40,85.20,+1.70
109/06/30,86.00,86.40,85.70,86.30,+1.10
109/07/01,86.50,87.60,85.50,85.90,-0.40
109/07/02,85.80,86.00,84.60,86.00,+0.10
109/07/03,86.10,86.20,85.10,85.30,-0.70
109/07/06,85.70,86.60,85.60,86.40,+1.10
109/07/07,87.10,87.50,85.60,87.00,+0.60
109/07/08,87.00,87.30,86.60,87.00, 0.00
109/07/09,87.30,87.40,85.80,86.20,-0.80
109/07/10,86.20,86.20,84.80,84.80,-1.40
109/07/13,85.40,86.70,85.40,86.70,+1.90
109/07/14,86.80,87.50,86.30,86.30,-0.40
109/07/15,86.60,87.20,86.50,86.60,+0.30
109/07/16,87.00,88.00,86.90,87.60,+1.00
109/07/17,88.30,88.60,87.60,88.00,+0.40
109/07/20,88.00,88.00,85.00,86.80,-1.20
109/07/21,86.00,86.10,85.10,85.30,-1.50
109/07/22,85.30,86.00,85.10,85.90,+0.60
109/07/24,81.50,81.90,80.00,80.00,-2.10
109/07/27,79.60,79.90,78.00,78.00,-2.00
109/07/28,77.80,82.70,77.30,78.40,+0.40
109/07/29,78.60,79.80,78.00,78.00,-0.40
109/07/30,78.70,78.80,77.50,78.00, 0.00
109/07/31,78.50,79.40,78.40,78.40,+0.40
109/08/03,78.40,78.90,77.10,77.10,-1.30
109/08/04,77.70,78.20,77.50,78.10,+1.00
109/08/05,78.30,78.50,77.90,77.90,-0.20
109/08/06,79.30,79.70,78.50,79.00,+1.10
109/08/07,79.60,79.60,78.30,78.30,-0.70
109/08/10,79.20,80.90,79.10,80.50,+2.20
109/08/11,81.00,81.10,79.60,79.80,-0.70
109/08/12,80.90,81.50,79.90,81.40,+1.60
109/08/13,82.00,82.30,79.20,79.50,-1.90
109/08/14,79.80,80.70,79.60,80.40,+0.90
109/08/17,80.70,80.70,80.00,80.20,-0.20
109/08/18,80.50,80.50,79.30,79.80,-0.40
109/08/19,80.90,80.90,79.30,79.30,-0.50
109/08/20,79.60,79.90,75.60,77.10,-2.20
109/08/21,78.20,78.40,77.50,78.20,+1.10
109/08/24,78.20,78.40,77.60,77.60,-0.60
109/08/25,78.10,78.50,77.80,78.30,+0.70
109/08/26,78.30,78.40,77.90,78.20,-0.10
109/08/27,78.20,78.70,77.50,77.50,-0.70
109/08/28,77.40,78.20,77.10,77.50, 0.00
109/08/31,77.80,78.00,76.90,76.90,-0.60
109/09/01,76.90,77.30,76.40,77.00,+0.10
109/09/02,77.20,77.80,77.00,77.80,+0.80
109/09/03,78.80,79.30,77.60,77.70,-0.10
109/09/04,77.00,77.30,76.60,76.90,-0.80
109/09/07,76.80,77.50,76.80,77.30,+0.40
109/09/08,77.70,78.10,77.30,77.50,+0.20
109/09/09,77.30,77.90,76.60,77.90,+0.40
109/09/10,78.00,78.70,78.00,78.50,+0.60
109/09/11,78.50,78.50,78.00,78.50, 0.00
109/09/14,78.80,79.50,78.60,79.40,+0.90
109/09/15,79.40,79.40,78.90,79.10,-0.30
109/09/16,79.40,79.40,78.60,78.80,-0.30
109/09/17,78.60,79.10,78.00,78.10,-0.70
109/09/18,77.90,78.20,77.50,77.60,-0.50
109/09/21,77.60,78.30,77.30,77.40,-0.20
109/09/22,77.30,77.30,76.50,76.80,-0.60
109/09/23,77.00,77.20,76.60,76.70,-0.10
109/09/24,76.10,76.40,75.00,75.00,-1.70
109/09/25,75.40,75.70,74.10,74.30,-0.70
109/09/28,74.90,76.90,74.80,76.90,+2.60
109/09/29,77.30,78.40,77.00,77.00,+0.10
109/09/30,78.00,78.00,77.30,77.40,+0.40
109/10/05,78.20,78.50,77.50,77.70,+0.30
109/10/06,78.10,78.20,77.60,77.80,+0.10
109/10/07,77.40,77.80,77.10,77.40,-0.40
109/10/08,77.80,78.00,77.50,78.00,+0.60
109/10/12,78.40,78.80,78.10,78.70,+0.70
109/10/13,79.00,79.10,78.10,78.90,+0.20
109/10/14,78.10,78.80,78.00,78.00,-0.90
109/10/15,77.70,78.50,77.60,78.10,+0.10
109/10/16,78.40,79.90,78.20,78.60,+0.50
109/10/19,80.00,81.50,79.70,81.30,+2.70
109/10/20,81.50,82.00,80.80,81.40,+0.10
109/10/21,81.50,81.50,80.30,80.40,-1.00
109/10/22,80.80,80.80,80.30,80.80,+0.40
109/10/23,81.20,81.40,80.50,80.70,-0.10
109/10/26,81.10,81.10,80.00,80.20,-0.50
109/10/27,79.90,80.00,79.40,80.00,-0.20
109/10/28,79.40,79.70,78.20,78.30,-1.70
109/10/29,77.60,78.20,76.80,78.00,-0.30
109/10/30,77.60,78.20,77.10,77.50,-0.50
109/11/02,77.50,78.30,77.40,78.30,+0.80
109/11/03,78.50,78.80,78.10,78.30, 0.00
109/11/04,78.40,79.40,78.00,78.80,+0.50
109/11/05,79.00,79.30,78.50,79.00,+0.20
109/11/06,79.60,79.90,79.30,79.70,+0.70
109/11/09,80.70,81.50,80.50,81.20,+1.50
109/11/10,81.10,81.20,80.30,80.80,-0.40
109/11/11,80.80,81.70,80.40,81.60,+0.80
109/11/12,81.70,82.00,80.80,81.90,+0.30
109/11/13,81.90,82.00,80.90,81.40,-0.50
109/11/16,82.00,82.90,81.90,82.60,+1.20
109/11/17,83.10,83.30,82.30,83.00,+0.40
109/11/18,82.90,83.40,82.70,83.20,+0.20
109/11/19,82.70,83.20,82.50,82.90,-0.30
109/11/20,83.30,83.30,82.10,82.50,-0.40
109/11/23,82.90,83.20,82.50,82.90,+0.40
109/11/24,83.10,83.10,82.00,82.00,-0.90
109/11/25,82.40,82.50,81.50,82.00, 0.00
109/11/26,82.60,83.20,82.50,83.00,+1.00
109/11/27,83.00,83.00,82.50,82.60,-0.40
109/11/30,82.70,83.00,82.00,82.30,-0.30
109/12/01,82.50,82.90,82.20,82.90,+0.60
109/12/02,83.00,83.30,82.40,82.70,-0.20
109/12/03,82.30,82.40,81.90,82.00,-0.70
109/12/04,83.00,83.40,82.60,82.90,+0.90
109/12/07,83.30,88.10,83.10,87.90,+5.00
109/12/08,88.40,89.70,87.30,87.60,-0.30
109/12/09,88.50,89.30,88.20,89.00,+1.40
109/12/10,88.40,88.70,87.10,87.70,-1.30
109/12/11,88.50,88.50,85.80,87.60,-0.10
109/12/14,88.30,89.00,87.70,87.70,+0.10
109/12/15,88.30,88.30,86.50,87.10,-0.60
109/12/16,88.00,88.20,87.40,88.20,+1.10
109/12/17,88.30,88.40,87.60,87.80,-0.40
109/12/18,88.10,88.20,87.50,87.70,-0.10
109/12/21,88.10,88.50,86.90,88.00,+0.30
109/12/22,88.00,90.50,87.50,87.70,-0.30
109/12/23,88.50,89.40,88.30,88.80,+1.10
109/12/24,89.50,89.90,89.00,89.60,+0.80
109/12/25,90.90,92.20,90.80,91.80,+2.20
109/12/28,92.40,93.00,91.80,91.80, 0.00
109/12/29,91.80,91.80,90.40,90.40,-1.40
109/12/30,91.00,91.60,90.10,91.60,+1.20
109/12/31,91.50,92.00,91.10,92.00,+0.40
110/01/04,93.40,100.00,93.30,99.90,+7.90
110/01/05,101.00,105.00,101.00,104.00,+4.10
110/01/06,107.50,109.00,102.00,105.00,+1.00
110/01/07,108.00,108.00,105.50,107.00,+2.00
110/01/08,109.00,109.50,106.00,108.00,+1.00
110/01/11,108.00,109.00,106.50,107.50,-0.50
110/01/12,106.50,107.00,103.00,104.00,-3.50
110/01/13,105.00,107.00,105.00,106.50,+2.50
110/01/14,109.00,117.00,108.00,116.00,+9.50
110/01/15,118.00,119.00,113.00,115.50,-0.50
110/01/18,115.50,116.00,111.00,114.00,-1.50
110/01/19,115.00,116.50,114.00,115.00,+1.00
110/01/20,116.50,118.50,114.00,114.50,-0.50
110/01/21,116.50,117.50,115.00,117.00,+2.50
110/01/22,117.50,121.50,117.00,121.50,+4.50
110/01/25,122.00,124.00,117.50,123.00,+1.50
110/01/26,122.50,125.00,120.00,122.00,-1.00
110/01/27,124.00,124.50,122.50,123.00,+1.00
110/01/28,120.00,121.00,118.00,118.50,-4.50
110/01/29,119.00,120.00,111.50,111.50,-7.00
110/02/01,111.00,114.50,108.00,113.00,+1.50
110/02/02,115.00,118.00,114.00,116.50,+3.50
110/02/03,118.00,118.50,115.00,116.50, 0.00
110/02/04,114.50,116.00,113.00,114.00,-2.50
110/02/05,115.00,116.50,113.00,113.50,-0.50
110/02/17,115.00,116.00,112.50,114.00,+0.50
110/02/18,113.50,114.50,113.00,113.00,-1.00
110/02/19,112.00,112.50,109.50,110.00,-3.00
110/02/22,111.50,114.00,111.00,111.00,+1.00
110/02/23,109.50,112.50,108.50,111.50,+0.50
110/02/24,112.00,114.00,110.50,110.50,-1.00
110/02/25,115.00,116.50,114.00,116.50,+6.00
110/02/26,114.50,115.00,112.00,112.00,-4.50
110/03/02,114.50,114.50,112.00,112.00, 0.00
110/03/03,113.00,116.00,112.00,115.50,+3.50
110/03/04,115.50,116.00,112.00,114.50,-1.00
110/03/05,113.50,116.00,112.50,115.00,+0.50
110/03/08,116.00,116.50,113.00,113.50,-1.50
110/03/09,113.00,115.00,112.00,115.00,+1.50
110/03/10,116.00,117.00,115.00,115.50,+0.50
110/03/11,116.50,118.00,116.00,117.00,+1.50
110/03/12,117.50,120.00,117.50,120.00,+3.00
110/03/15,120.00,122.00,118.50,121.00,+1.00
110/03/16,121.50,123.50,121.00,123.00,+2.00
110/03/17,123.50,128.00,123.00,126.00,+3.00
110/03/18,128.00,131.50,128.00,129.50,+3.50
110/03/19,127.00,127.00,123.50,123.50,-6.00
110/03/22,124.00,130.00,124.00,130.00,+6.50
110/03/23,133.00,134.50,130.00,130.50,+0.50
110/03/24,130.00,132.00,126.50,128.00,-2.50
110/03/25,127.00,129.50,125.50,126.50,-1.50
110/03/26,127.50,128.00,126.00,126.50, 0.00
110/03/29,128.00,129.00,127.50,128.50,+2.00
110/03/30,129.50,130.00,128.50,129.50,+1.00
110/03/31,125.00,126.50,123.00,124.00,-5.50
110/04/01,124.50,125.50,120.50,121.50,-2.50
110/04/06,123.50,124.00,122.00,122.50,+1.00
110/04/07,124.00,124.50,122.50,123.50,+1.00
110/04/08,123.00,123.00,121.50,122.50,-1.00
110/04/09,123.00,123.00,120.00,120.00,-2.50
110/04/12,120.00,122.00,119.00,120.50,+0.50
110/04/13,121.50,123.00,121.00,122.50,+2.00
110/04/14,123.00,123.50,119.00,121.50,-1.00
110/04/15,121.00,121.00,119.50,121.00,-0.50
110/04/16,122.00,124.00,122.00,123.50,+2.50
110/04/19,123.50,123.50,121.50,121.50,-2.00
110/04/20,121.50,122.00,121.00,122.00,+0.50
110/04/21,121.00,121.50,120.00,120.00,-2.00
110/04/22,122.00,122.00,117.50,117.50,-2.50
110/04/23,117.00,119.00,117.00,119.00,+1.50
110/04/26,119.50,120.00,117.50,117.50,-1.50
110/04/27,118.50,120.50,118.00,118.50,+1.00
110/04/28,118.00,118.50,117.00,117.00,-1.50
110/04/29,118.00,118.50,116.00,116.00,-1.00
110/05/03,115.00,115.00,112.00,112.50,-3.50
110/05/04,112.00,112.00,107.50,108.50,-4.00
110/05/05,110.00,113.50,110.00,110.00,+1.50
110/05/06,112.00,113.00,110.50,112.50,+2.50
110/05/07,114.50,117.50,114.00,117.50,+5.00
110/05/10,116.00,116.50,113.00,113.00,-4.50
110/05/11,109.50,110.00,106.00,107.00,-6.00
110/05/12,104.00,106.50,96.50,102.00,-5.00
110/05/13,99.50,105.00,98.20,103.00,+1.00
110/05/14,105.00,106.00,103.50,104.50,+1.50
110/05/17,100.00,102.00,97.10,98.20,-6.30
110/05/18,101.50,107.50,101.00,107.00,+8.80
110/05/19,106.50,106.50,104.00,105.00,-2.00
110/05/20,105.00,106.50,104.50,106.00,+1.00
110/05/21,108.00,110.00,108.00,109.50,+3.50
110/05/24,108.50,110.00,108.00,109.50, 0.00
110/05/25,111.00,113.00,110.50,112.00,+2.50
110/05/26,113.50,113.50,110.50,111.50,-0.50
110/05/27,110.00,110.50,107.50,109.50,-2.00
110/05/28,110.50,111.50,110.00,111.00,+1.50
110/05/31,112.00,113.50,111.50,113.50,+2.50
110/06/01,114.50,115.00,113.50,114.50,+1.00
110/06/02,115.00,115.50,111.00,112.00,-2.50
110/06/03,113.00,113.00,110.50,111.00,-1.00
110/06/04,110.00,112.50,109.00,112.00,+1.00
110/06/07,112.50,112.50,109.00,110.50,-1.50
110/06/08,111.00,111.50,110.00,110.50, 0.00
110/06/09,110.00,111.00,109.50,109.50,-1.00
110/06/10,110.00,111.50,109.50,110.50,+1.00
110/06/11,111.50,114.50,111.50,113.50,+3.00
110/06/15,113.50,114.50,112.00,113.00,-0.50
110/06/16,112.00,113.00,111.50,111.50,-1.50
110/06/17,110.50,113.00,110.00,113.00,+1.50
110/06/18,112.50,113.00,111.50,111.50,-1.50
110/06/21,110.50,110.50,108.50,108.50,-3.00
110/06/22,109.50,110.00,108.50,108.50, 0.00
110/06/23,109.00,112.00,108.50,111.50,+3.00
110/06/24,111.50,114.00,111.00,113.00,+1.50
110/06/25,114.00,115.00,113.00,113.00, 0.00
110/06/28,113.00,113.50,111.00,111.50,-1.50
110/06/29,112.50,112.50,111.50,111.50, 0.00
110/06/30,112.00,113.50,112.00,112.00,+0.50
110/07/01,112.50,112.50,111.50,112.00, 0.00
110/07/02,112.00,112.50,111.50,111.50,-0.50
110/07/05,112.50,117.00,112.00,117.00,+5.50
110/07/06,116.50,117.50,115.50,116.50,-0.50
110/07/07,116.50,117.00,115.00,115.00,-1.50
110/07/08,115.00,116.50,115.00,115.50,+0.50
110/07/09,114.50,115.00,113.00,114.00,-1.50
110/07/12,115.50,116.00,114.50,115.00,+1.00
110/07/13,116.00,117.00,115.50,116.50,+1.50
110/07/14,117.50,117.50,116.00,116.00,-0.50
110/07/15,117.00,120.00,116.50,119.50,+3.50
110/07/16,118.50,119.50,118.00,119.50, 0.00
110/07/19,118.50,119.00,116.00,116.50,-3.00
110/07/20,115.00,116.00,114.50,114.50,-2.00
110/07/21,116.00,116.00,112.00,112.50,-2.00
110/07/23,112.00,112.00,110.00,110.50, 0.00
110/07/26,111.00,111.00,108.50,110.00,-0.50
110/07/27,111.00,112.00,110.00,111.50,+1.50
110/07/28,110.50,111.00,109.00,110.50,-1.00
110/07/29,111.00,111.50,110.00,111.00,+0.50
110/07/30,110.00,111.50,109.50,110.00,-1.00
110/08/02,111.00,113.00,110.00,113.00,+3.00
110/08/03,112.50,113.00,110.50,111.50,-1.50
110/08/04,112.00,112.50,111.00,112.00,+0.50
110/08/05,111.00,112.00,111.00,112.00, 0.00
110/08/06,111.50,113.00,111.00,112.50,+0.50
110/08/09,112.00,112.50,111.00,112.00,-0.50
110/08/10,111.50,112.00,108.50,108.50,-3.50
110/08/11,107.00,109.00,106.00,109.00,+0.50
110/08/12,109.00,109.50,108.00,109.00, 0.00
110/08/13,109.50,110.00,108.00,109.00, 0.00
110/08/16,108.50,109.00,106.50,107.50,-1.50
110/08/17,107.50,108.00,106.00,106.50,-1.00
110/08/18,105.50,107.50,104.50,107.00,+0.50
110/08/19,106.00,106.00,102.50,103.00,-4.00
110/08/20,104.00,106.00,102.00,104.50,+1.50
110/08/23,105.50,108.00,105.50,107.50,+3.00
110/08/24,108.50,109.00,107.50,109.00,+1.50
110/08/25,109.00,109.00,107.50,108.50,-0.50
110/08/26,108.50,109.00,107.00,107.50,-1.00
110/08/27,107.50,108.50,106.50,108.00,+0.50
110/08/30,108.50,109.00,107.50,109.00,+1.00
110/08/31,108.50,111.00,108.00,111.00,+2.00
110/09/01,111.00,112.00,110.00,111.00, 0.00
110/09/02,111.00,113.00,110.50,111.50,+0.50
110/09/03,112.00,113.00,111.50,112.50,+1.00
110/09/06,112.50,113.00,110.50,111.00,-1.50
110/09/07,109.50,110.00,108.00,108.50,-2.50
110/09/08,108.50,109.50,107.00,107.50,-1.00
110/09/09,106.50,107.50,106.00,107.00,-0.50
110/09/10,107.00,108.50,107.00,108.00,+1.00
110/09/13,107.50,108.00,106.50,106.50,-1.50
110/09/14,107.50,108.00,106.50,107.50,+1.00
110/09/15,108.00,110.50,107.50,108.50,+1.00
110/09/16,108.50,109.50,107.50,107.50,-1.00
110/09/17,107.50,109.50,107.00,108.50,+1.00
110/09/22,106.50,107.50,106.00,107.00,-1.50
110/09/23,107.00,108.00,106.00,106.50,-0.50
110/09/24,107.50,108.00,107.00,107.50,+1.00
110/09/27,107.00,108.50,107.00,107.50, 0.00
110/09/28,107.00,107.50,106.00,106.50,-1.00
110/09/29,105.00,105.50,104.50,105.00,-1.50
110/09/30,105.00,106.00,104.00,105.00, 0.00
110/10/01,104.50,105.00,103.00,103.00,-2.00
110/10/04,104.50,105.00,102.50,103.00, 0.00
110/10/05,102.00,102.50,101.00,101.50,-1.50
110/10/06,103.50,104.50,103.00,103.00,+1.50
110/10/07,104.50,107.00,104.00,107.00,+4.00
110/10/08,107.50,108.00,106.50,108.00,+1.00
110/10/12,106.50,107.00,104.50,105.00,-3.00
110/10/13,106.00,106.50,104.50,105.50,+0.50
110/10/14,107.00,107.50,106.50,106.50,+1.00
110/10/15,108.00,110.00,107.50,109.50,+3.00
110/10/18,110.50,111.00,107.00,107.50,-2.00
110/10/19,108.50,109.00,106.50,107.00,-0.50
110/10/20,107.50,108.50,106.50,107.50,+0.50
110/10/21,108.00,108.50,107.00,108.00,+0.50
110/10/22,108.00,108.50,107.00,107.50,-0.50
110/10/25,107.50,109.00,107.00,108.00,+0.50
110/10/26,108.50,109.50,108.00,109.00,+1.00
110/10/27,109.00,109.00,107.50,108.00,-1.00
110/10/28,108.00,109.00,107.50,108.50,+0.50
110/10/29,108.50,108.50,107.00,107.00,-1.50
110/11/01,108.00,108.00,106.50,106.50,-0.50
110/11/02,107.00,108.50,107.00,107.50,+1.00
110/11/03,107.50,108.50,107.50,107.50, 0.00
110/11/04,108.50,108.50,107.50,108.00,+0.50
110/11/05,108.00,109.00,107.50,109.00,+1.00
110/11/08,107.50,108.00,107.00,107.50,-1.50
110/11/09,107.50,108.00,107.00,108.00,+0.50
110/11/10,108.00,109.50,107.50,109.00,+1.00
110/11/11,108.50,109.00,107.50,107.50,-1.50
110/11/12,108.50,109.50,108.00,109.00,+1.50
110/11/15,109.00,110.00,108.00,108.00,-1.00
110/11/16,108.50,109.00,108.00,108.00, 0.00
110/11/17,108.50,108.50,106.50,107.00,-1.00
110/11/18,107.00,107.50,106.50,107.00, 0.00
110/11/19,107.50,108.00,106.50,106.50,-0.50
110/11/22,107.00,107.50,106.50,106.50, 0.00
110/11/23,106.50,107.00,106.00,106.00,-0.50
110/11/24,106.00,106.50,104.50,105.50,-0.50
110/11/25,106.50,106.50,105.00,105.00,-0.50
110/11/26,105.00,105.00,103.50,103.50,-1.50
110/11/29,103.00,105.50,102.50,103.50, 0.00
110/11/30,104.00,105.50,103.00,103.50, 0.00
110/12/01,103.50,106.00,103.50,105.50,+2.00
110/12/02,105.00,107.00,105.00,105.00,-0.50
110/12/03,105.50,106.00,105.00,105.00, 0.00
110/12/06,105.50,107.00,105.00,106.50,+1.50
110/12/07,106.00,107.50,105.00,106.00,-0.50
110/12/08,106.50,107.00,105.00,105.00,-1.00
110/12/09,105.00,106.00,105.00,106.00,+1.00
110/12/10,105.50,106.00,104.50,105.00,-1.00
110/12/13,105.00,106.00,104.50,104.50,-0.50
110/12/14,104.50,105.50,104.00,104.50, 0.00
110/12/15,104.00,105.00,103.50,105.00,+0.50
110/12/16,105.50,106.00,103.50,103.50,-1.50
110/12/17,103.50,104.00,103.00,103.50, 0.00
110/12/20,103.50,104.00,103.00,103.00,-0.50
110/12/21,103.50,104.50,103.00,104.50,+1.50
110/12/22,104.50,104.50,103.50,103.50,-1.00
110/12/23,104.00,104.50,103.50,104.00,+0.50
110/12/24,104.50,105.00,104.00,104.00, 0.00
110/12/27,104.50,105.00,104.00,104.50,+0.50
110/12/28,104.50,105.50,104.50,105.50,+1.00
110/12/29,105.00,105.50,104.50,105.00,-0.50
110/12/30,104.50,105.00,104.00,104.00,-1.00
111/01/03,104.50,105.00,103.00,103.00,-1.00
111/01/04,104.00,104.00,103.00,103.50,+0.50
111/01/05,104.00,111.00,103.50,109.00,+5.50
111/01/06,108.00,108.50,106.00,107.00,-2.00
111/01/07,108.00,108.50,106.00,106.50,-0.50
111/01/10,106.00,106.50,104.00,104.50,-2.00
111/01/11,104.50,105.00,104.00,104.50, 0.00
111/01/12,105.00,105.50,104.00,104.50, 0.00
111/01/13,105.00,105.50,104.50,105.50,+1.00
111/01/14,105.00,105.50,103.00,103.50,-2.00
111/01/17,103.50,104.50,103.50,103.50, 0.00
111/01/18,104.50,104.50,103.50,103.50, 0.00
111/01/19,103.50,104.50,103.00,103.50, 0.00
111/01/20,103.50,104.00,103.00,103.00,-0.50
111/01/21,102.50,103.00,102.00,102.00,-1.00
111/01/24,103.00,104.50,102.50,103.00,+1.00
111/01/25,103.00,103.50,102.00,103.00, 0.00
111/01/26,103.00,103.50,102.00,102.00,-1.00
111/02/07,102.50,104.50,102.50,103.00,+1.00
111/02/08,104.00,106.00,103.00,105.50,+2.50
111/02/09,106.00,106.50,105.50,106.50,+1.00
111/02/10,106.50,107.00,105.50,106.50, 0.00
111/02/11,105.50,106.00,104.50,106.00,-0.50
111/02/14,105.00,105.00,103.50,104.00,-2.00
111/02/15,104.00,105.00,104.00,104.00, 0.00
111/02/16,105.00,106.00,104.50,105.50,+1.50
111/02/17,106.00,106.50,105.00,106.00,+0.50
111/02/18,105.00,106.00,105.00,105.50,-0.50
111/02/21,105.00,107.00,104.50,106.00,+0.50
111/02/22,105.00,105.50,104.00,104.50,-1.50
111/02/23,104.50,105.50,104.50,105.00,+0.50
111/02/24,104.00,104.50,102.50,102.50,-2.50
111/02/25,103.00,103.50,102.50,103.00,+0.50
111/03/01,104.00,105.50,103.50,104.50,+1.50
111/03/02,104.00,105.00,104.00,104.50, 0.00
111/03/03,105.00,105.50,104.50,104.50, 0.00
111/03/04,104.00,105.00,103.50,105.00,+0.50
111/03/07,104.00,104.00,102.50,102.50,-2.50
111/03/08,101.50,102.50,100.00,101.50,-1.00
111/03/09,102.00,102.50,101.50,101.50, 0.00
111/03/10,103.00,104.00,102.50,103.00,+1.50
111/03/11,103.00,104.00,102.50,103.50,+0.50
111/03/14,103.00,104.00,102.50,102.50,-1.00
111/03/15,102.00,103.00,101.00,101.00,-1.50
111/03/16,101.50,102.50,100.00,101.50,+0.50
111/03/17,103.50,104.50,103.00,104.00,+2.50
111/03/18,105.00,106.00,103.50,106.00,+2.00
111/03/21,106.00,106.50,104.50,104.50,-1.50
111/03/22,104.00,104.50,103.50,104.00,-0.50
111/03/23,104.50,105.50,104.00,105.50,+1.50
111/03/24,105.00,108.00,104.50,106.50,+1.00
111/03/25,106.50,107.00,106.00,106.00,-0.50
111/03/28,105.50,106.50,104.50,106.00, 0.00
111/03/29,106.00,106.50,104.50,105.50,-0.50
111/03/30,106.00,106.00,105.00,105.50, 0.00
111/03/31,106.00,106.50,105.50,106.00,+0.50
111/04/01,105.00,105.50,104.50,104.50,-1.50
111/04/06,104.50,105.00,104.00,105.00,+0.50
111/04/07,104.50,105.00,103.00,103.00,-2.00
111/04/08,103.00,103.50,102.50,103.00, 0.00
111/04/11,103.00,103.50,101.50,102.00,-1.00
111/04/12,102.00,103.00,101.50,102.00, 0.00
111/04/13,103.00,104.50,102.50,104.00,+2.00
111/04/14,104.00,104.50,103.50,104.00, 0.00
111/04/15,103.50,104.00,103.00,103.00,-1.00
111/04/18,102.00,103.00,102.00,102.50,-0.50
111/04/19,103.00,103.50,102.00,102.00,-0.50
111/04/20,102.50,103.00,102.00,103.00,+1.00
111/04/21,103.50,104.00,103.00,103.00, 0.00
111/04/22,102.50,103.50,102.00,103.50,+0.50
111/04/25,102.50,102.50,100.50,100.50,-3.00
111/04/26,101.00,101.50,100.50,101.00,+0.50
111/04/27,99.90,100.50,99.70,100.00,-1.00
111/04/28,100.00,101.50,100.00,101.50,+1.50
111/04/29,101.50,102.00,101.50,102.00,+0.50
111/05/03,102.00,103.00,101.50,102.50,+0.50
111/05/04,103.50,104.50,103.00,104.00,+1.50
111/05/05,105.00,105.50,104.00,104.50,+0.50
111/05/06,103.50,104.00,102.50,104.00,-0.50
111/05/09,103.50,104.00,103.00,104.00, 0.00
111/05/10,103.00,104.00,102.50,104.00, 0.00
111/05/11,103.50,104.00,103.00,103.00,-1.00
111/05/12,103.00,103.00,102.00,102.00,-1.00
111/05/13,104.00,104.00,103.00,104.00,+2.00
111/05/16,104.00,104.50,103.50,104.50,+0.50
111/05/17,104.50,105.00,104.00,105.00,+0.50
111/05/18,105.50,107.00,105.00,107.00,+2.00
111/05/19,105.50,107.50,105.00,107.50,+0.50
111/05/20,107.50,109.00,107.00,107.00,-0.50
111/05/23,108.00,109.00,107.00,108.00,+1.00
111/05/24,108.00,109.00,108.00,108.00, 0.00
111/05/25,108.50,110.00,108.00,109.50,+1.50
111/05/26,110.00,110.50,108.50,109.00,-0.50
111/05/27,110.00,111.00,109.50,110.00,+1.00
111/05/30,110.50,111.00,109.00,110.50,+0.50
111/05/31,111.00,113.00,110.00,113.00,+2.50
111/06/01,112.50,116.00,112.00,114.50,+1.50
111/06/02,114.50,116.00,113.50,114.00,-0.50
111/06/06,115.00,116.00,114.00,115.50,+1.50
111/06/07,115.00,115.50,113.50,113.50,-2.00
111/06/08,114.50,115.00,113.50,114.00,+0.50
111/06/09,114.00,115.50,113.50,115.50,+1.50
111/06/10,115.00,115.00,114.00,114.00,-1.50
111/06/13,112.50,112.50,111.00,111.50,-2.50
111/06/14,110.00,112.50,110.00,111.50, 0.00
111/06/15,112.50,112.50,111.50,112.00,+0.50
111/06/16,113.50,113.50,110.50,111.50,-0.50
111/06/17,110.00,111.00,109.50,109.50,-2.00
111/06/20,110.00,110.50,108.50,109.00,-0.50
111/06/21,110.50,112.50,110.50,112.00,+3.00
111/06/22,111.50,111.50,109.50,109.50,-2.50
111/06/23,110.50,110.50,107.50,108.00,-1.50
111/06/24,109.00,110.50,108.50,110.00,+2.00
111/06/27,111.00,112.00,111.00,111.00,+1.00
111/06/28,111.50,112.00,110.00,112.00,+1.00
111/06/29,111.50,112.50,110.50,111.00,-1.00
111/06/30,110.50,111.00,109.00,109.00,-2.00
111/07/01,108.50,109.00,105.50,106.00,-3.00
111/07/05,102.00,103.00,101.00,102.50,+2.50
111/07/06,103.00,103.50,100.50,100.50,-2.00
111/07/07,101.00,103.50,100.50,103.50,+3.00
111/07/08,103.50,104.00,101.50,102.00,-1.50
111/07/11,102.00,102.00,100.50,101.00,-1.00
111/07/12,100.00,101.00,99.70,100.50,-0.50
111/07/13,103.00,103.50,102.50,102.50,+2.00
111/07/14,102.50,106.00,102.50,105.00,+2.50
111/07/15,105.00,106.00,104.50,105.00, 0.00
111/07/18,105.00,105.50,104.00,105.00, 0.00
111/07/19,104.50,105.00,103.50,104.00,-1.00
111/07/20,104.00,105.00,103.00,103.50,-0.50
111/07/21,104.00,105.50,103.50,105.50,+2.00
111/07/22,105.50,106.50,105.00,106.00,+0.50
111/07/25,106.00,108.00,105.50,107.50,+1.50
111/07/26,108.00,108.50,107.00,108.00,+0.50
111/07/27,108.50,109.50,107.50,108.00, 0.00
111/07/28,109.00,109.00,108.00,108.50,+0.50
111/07/29,109.00,109.50,108.50,109.00,+0.50
111/08/01,108.50,109.00,108.00,109.00, 0.00
111/08/02,108.00,108.00,106.50,108.00,-1.00
111/08/03,107.50,108.50,107.00,108.50,+0.50
111/08/04,108.00,108.50,106.50,108.00,-0.50
111/08/05,108.50,109.00,108.00,108.00, 0.00
111/08/08,107.00,108.00,106.50,108.00, 0.00
111/08/09,108.00,109.00,107.00,109.00,+1.00
111/08/10,109.00,111.00,108.00,110.00,+1.00
111/08/11,111.50,113.00,110.50,113.00,+3.00
111/08/12,113.00,114.00,112.00,112.50,-0.50
111/08/15,113.00,113.00,111.50,112.00,-0.50
111/08/16,112.00,112.00,110.50,111.00,-1.00
111/08/17,111.00,112.50,111.00,112.50,+1.50
111/08/18,112.50,112.50,111.00,112.00,-0.50
111/08/19,111.50,112.00,111.00,111.00,-1.00
111/08/22,110.50,111.00,110.00,111.00, 0.00
111/08/23,110.00,110.50,109.50,110.00,-1.00
111/08/24,110.50,111.00,109.00,109.50,-0.50
111/08/25,109.50,110.50,109.50,109.50, 0.00
111/08/26,110.00,110.50,109.50,110.50,+1.00
111/08/29,108.50,109.00,108.00,108.00,-2.50
111/08/30,108.50,109.00,108.00,108.50,+0.50
111/08/31,108.00,109.50,107.50,109.00,+0.50
111/09/01,108.00,108.50,107.00,107.50,-1.50
111/09/02,108.00,108.00,107.00,107.50, 0.00
111/09/05,108.00,108.50,107.50,108.00,+0.50
111/09/06,108.50,108.50,107.50,108.50,+0.50
111/09/07,107.50,108.00,106.00,106.00,-2.50
111/09/08,107.00,107.00,106.00,107.00,+1.00
111/09/12,108.50,109.00,107.50,108.50,+1.50
111/09/13,109.00,110.50,108.50,110.00,+1.50
111/09/14,107.50,108.50,107.00,107.50,-2.50
111/09/15,107.50,108.50,107.50,108.00,+0.50
111/09/16,107.50,108.00,107.00,107.50,-0.50
111/09/19,107.50,108.00,106.50,107.00,-0.50
111/09/20,107.50,108.50,107.00,108.50,+1.50
111/09/21,108.50,108.50,106.50,107.00,-1.50
111/09/22,106.50,107.50,106.00,107.00, 0.00
111/09/23,107.00,107.50,106.00,106.50,-0.50
111/09/26,105.50,106.00,103.50,104.00,-2.50
111/09/27,104.00,104.50,103.00,103.50,-0.50
111/09/28,103.50,104.00,100.50,100.50,-3.00
111/09/29,101.50,102.50,101.00,101.50,+1.00
111/09/30,100.00,102.00,100.00,102.00,+0.50
111/10/03,101.00,102.00,100.50,101.00,-1.00
111/10/04,102.50,103.00,102.00,102.50,+1.50
111/10/05,105.50,107.50,105.00,107.00,+4.50
111/10/06,108.00,108.50,106.50,107.50,+0.50
111/10/07,107.00,108.00,106.50,107.50, 0.00
111/10/11,105.00,105.50,104.00,104.00,-3.50
111/10/12,104.00,104.50,102.50,103.00,-1.00
111/10/13,103.50,104.50,102.50,103.50,+0.50
111/10/14,104.50,105.50,104.50,105.00,+1.50
111/10/17,104.00,105.50,104.00,105.00, 0.00
111/10/18,105.50,106.00,103.00,103.50,-1.50
111/10/19,104.00,105.00,103.00,103.00,-0.50
111/10/20,103.00,103.50,101.00,102.50,-0.50
111/10/21,102.50,103.50,102.00,103.50,+1.00
111/10/24,104.50,104.50,102.50,103.00,-0.50
111/10/25,103.00,103.50,101.50,103.50,+0.50
111/10/26,104.00,104.50,103.00,104.00,+0.50
111/10/27,105.00,105.00,104.00,104.00, 0.00
111/10/28,104.50,104.50,103.00,104.00, 0.00
111/10/31,101.50,103.00,101.50,102.50,-1.50
111/11/01,101.50,102.00,100.50,101.50,-1.00
111/11/02,101.50,102.00,101.00,102.00,+0.50
111/11/03,101.00,101.50,100.50,101.00,-1.00
111/11/04,100.00,101.00,99.50,100.50,-0.50
111/11/07,100.50,101.00,99.80,100.00,-0.50
111/11/08,100.00,100.50,100.00,100.00, 0.00
111/11/09,100.00,102.50,100.00,102.50,+2.50
111/11/10,101.00,101.50,100.50,100.50,-2.00
111/11/11,101.50,102.50,100.00,100.00,-0.50
111/11/14,99.50,101.50,99.50,101.50,+1.50
111/11/15,101.50,102.50,101.00,101.50, 0.00
111/11/16,101.50,102.50,101.00,101.50, 0.00
111/11/17,101.50,102.00,101.00,101.50, 0.00
111/11/18,101.50,102.50,100.50,100.50,-1.00
111/11/21,101.00,101.50,100.00,100.00,-0.50
111/11/22,100.00,100.50,100.00,100.50,+0.50
111/11/23,101.00,101.50,100.50,100.50, 0.00
111/11/24,100.50,101.00,100.00,101.00,+0.50
111/11/25,100.50,101.00,100.00,100.50,-0.50
111/11/28,100.50,100.50,99.60,100.00,-0.50
111/11/29,100.00,100.50,99.70,100.00, 0.00
111/11/30,100.50,101.50,100.00,100.50,+0.50
111/12/01,101.50,103.00,101.50,103.00,+2.50
111/12/02,103.00,106.00,103.00,105.50,+2.50
111/12/05,106.50,107.00,105.50,105.50, 0.00
111/12/06,104.00,104.50,102.50,103.00,-2.50
111/12/07,102.50,104.00,102.00,102.00,-1.00
111/12/08,102.00,102.50,101.50,101.50,-0.50
111/12/09,102.50,103.00,102.00,102.00,+0.50
111/12/12,102.00,102.00,101.00,102.00, 0.00
111/12/13,102.00,102.50,101.00,101.00,-1.00
111/12/14,101.50,102.50,101.00,102.50,+1.50
111/12/15,101.50,102.50,101.50,101.50,-1.00
111/12/16,100.50,101.50,100.00,100.50,-1.00
111/12/19,100.50,102.00,100.50,101.50,+1.00
111/12/20,101.00,101.50,100.00,100.00,-1.50
111/12/21,101.00,101.00,100.00,100.00, 0.00
111/12/22,101.00,101.00,100.50,101.00,+1.00
111/12/23,100.00,101.00,100.00,101.00, 0.00
111/12/26,101.50,101.50,100.50,101.00, 0.00
111/12/27,101.00,101.50,100.50,100.50,-0.50
111/12/28,100.50,100.50,100.00,100.50, 0.00
111/12/29,100.00,100.00,99.50,99.70,-0.80
111/12/30,100.00,100.50,99.80,99.90,+0.20
112/01/03,99.90,99.90,98.00,99.10,-0.80
112/01/04,98.00,98.70,98.00,98.10,-1.00
112/01/05,98.10,98.90,98.00,98.00,-0.10
112/01/06,98.30,98.80,98.30,98.40,+0.40
112/01/09,99.20,99.60,98.90,99.10,+0.70
112/01/10,99.40,99.80,99.10,99.40,+0.30
112/01/11,99.80,99.80,99.10,99.10,-0.30
112/01/12,99.10,99.50,98.60,98.60,-0.50
112/01/13,99.00,99.50,98.60,98.60, 0.00
112/01/16,98.60,99.20,98.10,98.10,-0.50
112/01/17,98.20,98.50,98.10,98.10, 0.00
112/01/30,99.60,99.70,98.00,98.10, 0.00
112/01/31,98.30,101.00,98.20,99.70,+1.60
112/02/01,100.50,101.00,99.80,100.00,+0.30
112/02/02,100.50,101.00,100.00,100.00, 0.00
112/02/03,100.00,100.50,99.50,99.60,-0.40
112/02/06,100.50,102.00,100.50,101.50,+1.90
112/02/07,102.00,102.00,100.50,100.50,-1.00
112/02/08,100.50,101.00,100.50,100.50, 0.00
112/02/09,100.50,101.50,100.00,101.00,+0.50
112/02/10,101.50,102.00,100.50,101.50,+0.50
112/02/13,101.50,102.00,101.00,101.00,-0.50
112/02/14,101.50,102.00,101.50,102.00,+1.00
112/02/15,102.00,102.50,101.50,102.50,+0.50
112/02/16,103.00,103.50,102.50,103.50,+1.00
112/02/17,103.00,103.50,102.50,103.50, 0.00
112/02/20,103.50,104.00,102.50,103.00,-0.50
112/02/21,102.50,103.00,102.50,102.50,-0.50
112/02/22,102.00,102.50,101.50,102.00,-0.50
112/02/23,102.00,103.00,102.00,103.00,+1.00
112/02/24,103.00,103.50,101.00,101.00,-2.00
112/03/01,100.00,103.00,100.00,102.00,+1.00
112/03/02,102.50,103.00,101.50,102.50,+0.50
112/03/03,103.50,104.00,102.50,102.50, 0.00
112/03/06,103.00,104.00,102.50,103.50,+1.00
112/03/07,103.50,106.00,103.50,105.00,+1.50
112/03/08,104.50,105.00,104.00,104.00,-1.00
112/03/09,104.00,104.50,102.00,102.50,-1.50
112/03/10,102.00,102.50,101.50,102.00,-0.50
112/03/13,102.00,103.50,101.50,103.00,+1.00
112/03/14,102.00,102.50,101.50,102.00,-1.00
112/03/15,102.50,103.00,102.00,102.50,+0.50
112/03/16,102.50,103.00,102.00,102.00,-0.50
112/03/17,103.00,104.50,102.50,103.50,+1.50
112/03/20,103.50,104.00,102.50,102.50,-1.00
112/03/21,103.00,104.00,103.00,103.50,+1.00
112/03/22,103.50,104.50,103.00,103.50, 0.00
112/03/23,103.00,104.50,103.00,103.50, 0.00
112/03/24,104.50,106.00,104.00,105.50,+2.00
112/03/27,105.00,105.50,103.50,103.50,-2.00
112/03/28,104.00,104.00,103.00,103.00,-0.50
112/03/29,103.00,104.00,103.00,103.50,+0.50
112/03/30,104.00,104.50,103.50,104.50,+1.00
112/03/31,104.50,105.00,104.00,104.00,-0.50
112/04/06,104.50,105.50,103.00,103.50,-0.50
112/04/07,104.00,104.00,103.00,103.00,-0.50
112/04/10,103.00,104.00,103.00,103.00, 0.00
112/04/11,103.50,104.00,103.00,103.50,+0.50
112/04/12,103.50,103.50,102.50,102.50,-1.00
112/04/13,102.50,103.50,102.50,103.00,+0.50
112/04/14,104.00,104.50,103.00,104.50,+1.50
112/04/17,104.50,104.50,103.50,104.00,-0.50
112/04/18,104.00,104.50,103.50,104.50,+0.50
112/04/19,104.50,104.50,103.50,104.00,-0.50
112/04/20,103.50,104.50,103.50,104.50,+0.50
112/04/21,105.00,105.50,104.00,104.00,-0.50
112/04/24,104.00,104.50,103.50,103.50,-0.50
112/04/25,103.50,104.00,103.00,103.00,-0.50
112/04/26,103.00,104.50,103.00,103.50,+0.50
112/04/27,103.50,104.00,103.00,103.50, 0.00
112/04/28,104.00,104.50,103.50,104.50,+1.00
112/05/02,104.50,106.00,104.00,106.00,+1.50
112/05/03,105.50,106.00,105.00,105.50,-0.50
112/05/04,105.50,105.50,105.00,105.00,-0.50
112/05/05,105.00,105.50,104.50,105.00, 0.00
112/05/08,105.50,106.00,105.00,105.00, 0.00
112/05/09,105.00,107.00,104.50,106.50,+1.50
112/05/10,106.50,107.00,106.00,106.50, 0.00
112/05/11,106.50,107.00,105.00,105.00,-1.50
112/05/12,103.50,104.00,102.00,102.50,-2.50
112/05/15,102.50,103.00,102.00,102.00,-0.50
112/05/16,102.50,103.00,102.00,102.00, 0.00
112/05/17,102.00,103.00,102.00,102.50,+0.50
112/05/18,103.00,103.50,102.50,103.00,+0.50
112/05/19,103.00,103.00,102.00,103.00, 0.00
112/05/22,102.50,103.00,102.50,103.00, 0.00
112/05/23,103.00,103.00,102.50,102.50,-0.50
112/05/24,102.50,103.00,102.50,103.00,+0.50
112/05/25,102.50,103.50,102.50,102.50,-0.50
112/05/26,102.50,103.00,102.00,102.50, 0.00
112/05/29,103.50,106.00,103.00,105.50,+3.00
112/05/30,106.50,108.00,106.00,107.00,+1.50
112/05/31,107.50,107.50,105.50,106.50,-0.50
112/06/01,106.50,108.00,106.00,108.00,+1.50
112/06/02,108.50,109.00,107.50,108.00, 0.00
112/06/05,108.50,108.50,107.00,107.50,-0.50
112/06/06,107.00,107.50,106.00,107.00,-0.50
112/06/07,107.50,108.00,107.00,108.00,+1.00
112/06/08,108.00,108.00,107.00,107.00,-1.00
112/06/09,107.50,108.00,107.00,108.00,+1.00
112/06/12,108.00,112.00,107.50,110.50,+2.50
112/06/13,111.00,113.00,111.00,112.50,+2.00
112/06/14,112.50,113.00,111.50,112.50, 0.00
112/06/15,112.50,113.00,111.00,111.50,-1.00
112/06/16,111.50,112.50,111.00,111.00,-0.50
112/06/19,111.50,113.00,111.00,112.50,+1.50
112/06/20,113.00,113.50,111.50,112.50, 0.00
112/06/21,112.50,113.00,112.00,113.00,+0.50
112/06/26,113.50,116.00,113.00,115.50,+2.50
112/06/27,116.00,116.50,114.00,114.00,-1.50
112/06/28,114.50,116.00,114.50,115.00,+1.00
112/06/29,116.00,116.00,113.00,113.00,-2.00
112/06/30,113.00,113.00,111.00,113.00, 0.00
112/07/03,114.00,115.00,113.50,115.00,+2.00
112/07/05,110.00,110.50,107.50,108.50,-1.50
112/07/06,107.50,107.50,105.00,105.50,-3.00
112/07/07,105.00,106.00,104.50,105.50, 0.00
112/07/10,105.50,106.00,104.50,104.50,-1.00
112/07/11,105.00,105.50,104.50,105.00,+0.50
112/07/12,105.00,107.50,105.00,107.50,+2.50
112/07/13,108.50,109.00,107.00,107.00,-0.50
112/07/14,107.50,109.50,106.50,109.50,+2.50
112/07/17,110.00,111.00,109.50,110.50,+1.00
112/07/18,110.50,113.50,110.00,112.00,+1.50
112/07/19,113.00,113.50,108.00,108.50,-3.50
112/07/20,109.00,110.00,107.50,108.00,-0.50
112/07/21,107.00,108.50,106.50,107.50,-0.50
112/07/24,108.00,108.50,107.00,108.00,+0.50
112/07/25,108.50,112.00,108.50,112.00,+4.00
112/07/26,112.00,112.50,111.00,111.50,-0.50
112/07/27,112.00,113.00,110.50,110.50,-1.00
112/07/28,110.50,111.00,109.50,109.50,-1.00
112/07/31,110.50,111.00,108.50,108.50,-1.00
112/08/01,109.50,111.00,109.00,110.50,+2.00
112/08/02,110.00,110.50,108.00,108.00,-2.50
112/08/04,109.00,111.00,109.00,111.00,+3.00
112/08/07,112.00,112.50,109.50,109.50,-1.50
112/08/08,110.50,111.00,109.50,110.50,+1.00
112/08/09,110.50,111.50,110.00,110.50, 0.00
112/08/10,111.00,111.00,109.50,110.00,-0.50
112/08/11,110.00,110.50,108.50,108.50,-1.50
112/08/14,109.50,110.50,109.00,110.00,+1.50
112/08/15,108.00,109.00,107.00,107.00,-3.00
112/08/16,106.50,106.50,105.00,105.50,-1.50
112/08/17,105.50,107.00,105.50,106.50,+1.00
112/08/18,106.50,107.00,105.50,106.00,-0.50
112/08/21,106.50,107.00,105.50,106.00, 0.00
112/08/22,106.50,107.00,106.00,106.50,+0.50
112/08/23,106.50,107.50,106.00,106.50, 0.00
112/08/24,109.00,110.50,108.50,109.50,+3.00
112/08/25,108.50,109.00,108.00,108.00,-1.50
112/08/28,108.50,109.00,108.00,108.00, 0.00
112/08/29,108.00,108.50,105.00,106.00,-2.00
112/08/30,106.50,107.00,106.00,106.00, 0.00
112/08/31,106.00,107.00,105.50,106.50,+0.50
112/09/01,106.50,107.50,106.50,107.50,+1.00
112/09/04,107.50,108.00,105.50,106.50,-1.00
112/09/05,106.50,107.00,106.00,107.00,+0.50
112/09/06,106.50,107.00,106.00,106.00,-1.00
112/09/07,106.00,106.00,105.50,105.50,-0.50
112/09/08,105.50,106.00,105.00,106.00,+0.50
112/09/11,106.00,106.00,105.00,105.00,-1.00
112/09/12,106.00,107.50,105.50,107.50,+2.50
112/09/13,107.00,107.50,105.50,106.00,-1.50
112/09/14,106.50,107.00,106.00,106.50,+0.50
112/09/15,106.50,107.00,106.00,106.00,-0.50
112/09/18,106.00,106.50,105.50,106.50,+0.50
112/09/19,106.50,107.50,106.50,106.50, 0.00
112/09/20,106.50,107.00,106.00,106.00,-0.50
112/09/21,106.00,106.50,105.00,105.00,-1.00
112/09/22,105.00,105.50,105.00,105.00, 0.00
112/09/25,105.50,106.00,105.00,105.50,+0.50
112/09/26,105.00,105.50,104.00,104.00,-1.50
112/09/27,104.00,104.50,103.50,104.00, 0.00
112/09/28,104.50,104.50,103.00,104.00, 0.00
112/10/02,104.00,105.00,104.00,104.50,+0.50
112/10/03,104.00,104.50,103.50,104.00,-0.50
112/10/04,103.00,103.50,102.50,103.00,-1.00
112/10/05,103.00,104.00,103.00,103.50,+0.50
112/10/06,105.00,106.00,104.50,105.50,+2.00
112/10/11,106.50,106.50,105.50,106.00,+0.50
112/10/12,106.50,107.00,106.00,107.00,+1.00
112/10/13,107.00,107.50,106.00,107.50,+0.50
112/10/16,107.00,107.50,106.50,107.00,-0.50
112/10/17,107.50,108.00,106.50,106.50,-0.50
112/10/18,106.00,106.50,105.00,105.50,-1.00
112/10/19,105.00,105.50,103.00,103.50,-2.00
112/10/20,103.00,104.50,103.00,103.50, 0.00
112/10/23,102.00,102.00,100.00,100.50,-3.00
112/10/24,99.80,99.80,97.30,98.30,-2.20
112/10/25,98.30,99.50,98.30,99.00,+0.70
112/10/26,98.30,98.70,98.00,98.50,-0.50
112/10/27,98.50,98.90,98.20,98.20,-0.30
112/10/30,98.30,98.50,94.00,94.50,-3.70
112/10/31,95.10,96.90,95.10,96.50,+2.00
112/11/01,96.40,96.50,95.60,95.60,-0.90
112/11/02,96.20,97.40,96.00,97.00,+1.40
112/11/03,95.80,96.20,95.20,95.80,-1.20
112/11/06,96.20,97.70,96.20,96.40,+0.60
112/11/07,96.40,96.80,95.50,96.10,-0.30
112/11/08,95.70,97.40,95.70,97.00,+0.90
112/11/09,97.40,98.40,97.30,97.90,+0.90
112/11/10,97.90,98.00,97.00,97.20,-0.70
112/11/13,97.80,98.40,97.50,97.70,+0.50
112/11/14,98.40,101.00,98.20,100.00,+2.30
112/11/15,100.50,101.50,99.80,100.50,+0.50
112/11/16,101.00,101.50,100.50,101.00,+0.50
112/11/17,101.50,103.50,101.00,102.50,+1.50
112/11/20,102.50,102.50,101.00,101.00,-1.50
112/11/21,102.00,102.50,101.00,102.50,+1.50
112/11/22,103.00,104.00,102.00,102.00,-0.50
112/11/23,102.50,103.00,101.00,101.50,-0.50
112/11/24,102.00,102.50,101.00,101.50, 0.00
112/11/27,102.50,103.00,101.50,101.50, 0.00
112/11/28,102.00,103.00,102.00,102.50,+1.00
112/11/29,102.50,103.00,101.50,102.00,-0.50
112/11/30,102.00,102.50,101.00,101.50,-0.50
112/12/01,101.00,101.50,100.50,100.50,-1.00
112/12/04,101.00,101.50,100.50,101.00,+0.50
112/12/05,101.00,102.00,100.50,101.00, 0.00
112/12/06,101.50,102.00,101.00,101.00, 0.00
112/12/07,101.00,101.50,100.50,101.00, 0.00
112/12/08,101.00,102.00,101.00,101.50,+0.50
112/12/11,101.50,102.00,100.50,101.00,-0.50
112/12/12,101.00,101.50,100.50,101.00, 0.00
112/12/13,100.50,101.50,100.50,101.00, 0.00
112/12/14,101.50,102.00,101.00,102.00,+1.00
112/12/15,101.50,102.00,101.00,101.50,-0.50
112/12/18,101.50,102.00,101.00,102.00,+0.50
112/12/19,102.00,102.50,101.50,102.50,+0.50
112/12/20,102.50,104.50,102.50,104.50,+2.00
112/12/21,103.00,103.50,102.50,103.50,-1.00
112/12/22,103.50,104.00,103.00,103.50, 0.00
112/12/25,103.50,104.00,103.00,103.50, 0.00
112/12/26,104.00,104.00,103.50,104.00,+0.50
112/12/27,104.00,104.00,103.00,103.50,-0.50
112/12/28,103.50,104.00,103.00,104.00,+0.50
112/12/29,104.00,105.00,103.50,104.50,+0.50
113/01/02,104.50,105.00,104.00,105.00,+0.50
113/01/03,104.50,105.00,104.00,104.50,-0.50
113/01/04,104.50,105.00,104.00,104.00,-0.50
113/01/05,104.00,104.50,104.00,104.00, 0.00
113/01/08,103.50,104.00,101.50,101.50,-2.50
113/01/09,102.00,102.50,101.00,101.00,-0.50
113/01/10,101.00,101.50,100.00,100.00,-1.00
113/01/11,100.00,102.00,99.70,100.50,+0.50
113/01/12,100.00,101.50,100.00,100.50, 0.00
113/01/15,101.00,101.50,100.00,100.00,-0.50
113/01/16,99.80,100.50,99.30,100.00, 0.00
113/01/17,99.80,100.00,98.50,98.60,-1.40
113/01/18,99.00,100.00,98.90,99.90,+1.30
113/01/19,100.00,101.00,100.00,100.50,+0.60
113/01/22,100.50,101.00,99.90,99.90,-0.60
113/01/23,100.00,101.50,99.90,101.00,+1.10
113/01/24,101.00,101.50,100.50,100.50,-0.50
113/01/25,101.00,102.00,100.50,102.00,+1.50
113/01/26,102.00,103.50,102.00,102.50,+0.50
113/01/29,102.50,103.00,102.00,102.50, 0.00
113/01/30,102.50,103.00,102.00,102.00,-0.50
113/01/31,102.00,102.50,101.50,102.50,+0.50
